Series_Title,Released_Year,Runtime,Genre,IMDB_Rating,Director,Star1,No_of_Votes,Gross,Metascore
The Shawshank Redemption,1994,142,Drama,9.3,Frank Darabont,Tim Robbins,2343110,28341469.0,80.0
The Godfather,1972,175,Crime,9.2,Francis Ford Coppola,Marlon Brando,1620367,134966411.0,100.0
The Dark Knight,2008,152,Action,9.0,Christopher Nolan,Christian Bale,2303232,534858444.0,84.0
The Godfather: Part II,1974,202,Crime,9.0,Francis Ford Coppola,Al Pacino,1129952,57300000.0,90.0
12 Angry Men,1957,96,Crime,9.0,Sidney Lumet,Henry Fonda,689845,4360000.0,96.0
The Lord of the Rings: The Return of the King,2003,201,Action,8.9,Peter Jackson,Elijah Wood,1642758,377845905.0,94.0
Pulp Fiction,1994,154,Crime,8.9,Quentin Tarantino,John Travolta,1826188,107928762.0,94.0
Schindler's List,1993,195,Biography,8.9,Steven Spielberg,Liam Neeson,1213505,96898818.0,94.0
Inception,2010,148,Action,8.8,Christopher Nolan,Leonardo DiCaprio,2067042,292576195.0,74.0
Fight Club,1999,139,Drama,8.8,David Fincher,Brad Pitt,1854740,37030102.0,66.0
The Lord of the Rings: The Fellowship of the Ring,2001,178,Action,8.8,Peter Jackson,Elijah Wood,1661481,315544750.0,92.0
Forrest Gump,1994,142,Drama,8.8,Robert Zemeckis,Tom Hanks,1809221,330252182.0,82.0
"Il buono, il brutto, il cattivo",1966,161,Western,8.8,Sergio Leone,Clint Eastwood,688390,6100000.0,90.0
The Lord of the Rings: The Two Towers,2002,179,Action,8.7,Peter Jackson,Elijah Wood,1485555,342551365.0,87.0
The Matrix,1999,136,Action,8.7,Lana Wachowski,Lilly Wachowski,1676426,171479930.0,73.0
Goodfellas,1990,146,Biography,8.7,Martin Scorsese,Robert De Niro,1020727,46836394.0,90.0
Star Wars: Episode V - The Empire Strikes Back,1980,124,Action,8.7,Irvin Kershner,Mark Hamill,1159315,290475067.0,82.0
One Flew Over the Cuckoo's Nest,1975,133,Drama,8.7,Milos Forman,Jack Nicholson,918088,112000000.0,83.0
Hamilton,2020,160,Biography,8.6,Thomas Kail,Lin-Manuel Miranda,55291,440984783.0,90.0
Gisaengchung,2019,132,Comedy,8.6,Bong Joon Ho,Kang-ho Song,552778,53367844.0,96.0
Soorarai Pottru,2020,153,Drama,8.6,Sudha Kongara,Suriya,54995,556832648.0,
Interstellar,2014,169,Adventure,8.6,Christopher Nolan,Matthew McConaughey,1512360,188020017.0,74.0
Cidade de Deus,2002,130,Crime,8.6,Fernando Meirelles,Kátia Lund,699256,7563397.0,79.0
Sen to Chihiro no kamikakushi,2001,125,Animation,8.6,Hayao Miyazaki,Daveigh Chase,651376,10055859.0,96.0
Saving Private Ryan,1998,169,Drama,8.6,Steven Spielberg,Tom Hanks,1235804,216540909.0,91.0
The Green Mile,1999,189,Crime,8.6,Frank Darabont,Tom Hanks,1147794,136801374.0,61.0
La vita è bella,1997,116,Comedy,8.6,Roberto Benigni,Roberto Benigni,623629,57598247.0,59.0
Se7en,1995,127,Crime,8.6,David Fincher,Morgan Freeman,1445096,100125643.0,65.0
The Silence of the Lambs,1991,118,Crime,8.6,Jonathan Demme,Jodie Foster,1270197,130742922.0,85.0
Star Wars,1977,121,Action,8.6,George Lucas,Mark Hamill,1231473,322740140.0,90.0
Seppuku,1962,133,Action,8.6,Masaki Kobayashi,Tatsuya Nakadai,42004,373978394.0,85.0
Shichinin no samurai,1954,207,Action,8.6,Akira Kurosawa,Toshirô Mifune,315744,269061.0,98.0
It's a Wonderful Life,1946,130,Drama,8.6,Frank Capra,James Stewart,405801,82385199.0,89.0
Joker,2019,122,Crime,8.5,Todd Phillips,Joaquin Phoenix,939252,335451311.0,59.0
Whiplash,2014,106,Drama,8.5,Damien Chazelle,Miles Teller,717585,13092000.0,88.0
The Intouchables,2011,112,Biography,8.5,Olivier Nakache,Éric Toledano,760360,13182281.0,57.0
The Prestige,2006,130,Drama,8.5,Christopher Nolan,Christian Bale,1190259,53089891.0,66.0
The Departed,2006,151,Crime,8.5,Martin Scorsese,Leonardo DiCaprio,1189773,132384315.0,85.0
The Pianist,2002,150,Biography,8.5,Roman Polanski,Adrien Brody,729603,32572577.0,85.0
Gladiator,2000,155,Action,8.5,Ridley Scott,Russell Crowe,1341460,187705427.0,67.0
American History X,1998,119,Drama,8.5,Tony Kaye,Edward Norton,1034705,6719864.0,62.0
The Usual Suspects,1995,106,Crime,8.5,Bryan Singer,Kevin Spacey,991208,23341568.0,77.0
Léon,1994,110,Action,8.5,Luc Besson,Jean Reno,1035236,19501238.0,64.0
The Lion King,1994,88,Animation,8.5,Roger Allers,Rob Minkoff,942045,422783777.0,88.0
Terminator 2: Judgment Day,1991,137,Action,8.5,James Cameron,Arnold Schwarzenegger,995506,204843350.0,75.0
Nuovo Cinema Paradiso,1988,155,Drama,8.5,Giuseppe Tornatore,Philippe Noiret,230763,11990401.0,80.0
Hotaru no haka,1988,89,Animation,8.5,Isao Takahata,Tsutomu Tatsumi,235231,150734678.0,94.0
Back to the Future,1985,116,Adventure,8.5,Robert Zemeckis,Michael J. Fox,1058081,210609762.0,87.0
Once Upon a Time in the West,1968,165,Western,8.5,Sergio Leone,Henry Fonda,302844,5321508.0,80.0
Psycho,1960,109,Horror,8.5,Alfred Hitchcock,Anthony Perkins,604211,32000000.0,97.0
Casablanca,1942,102,Drama,8.5,Michael Curtiz,Humphrey Bogart,522093,1024560.0,100.0
Modern Times,1936,87,Comedy,8.5,Charles Chaplin,Charles Chaplin,217881,163245.0,96.0
City Lights,1931,87,Comedy,8.5,Charles Chaplin,Charles Chaplin,167839,19181.0,99.0
Capharnaüm,2018,126,Drama,8.4,Nadine Labaki,Zain Al Rafeea,62635,1661096.0,75.0
Ayla: The Daughter of War,2017,125,Biography,8.4,Can Ulkay,Erdem Can,34112,679278040.0,
Vikram Vedha,2017,147,Action,8.4,Gayatri,Pushkar,28401,357599391.0,
Kimi no na wa.,2016,106,Animation,8.4,Makoto Shinkai,Ryûnosuke Kamiki,194838,5017246.0,79.0
Dangal,2016,161,Action,8.4,Nitesh Tiwari,Aamir Khan,156479,12391761.0,
Spider-Man: Into the Spider-Verse,2018,117,Animation,8.4,Bob Persichetti,Peter Ramsey,375110,190241310.0,87.0
Avengers: Endgame,2019,181,Action,8.4,Anthony Russo,Joe Russo,809955,858373000.0,78.0
Avengers: Infinity War,2018,149,Action,8.4,Anthony Russo,Joe Russo,834477,678815482.0,68.0
Coco,2017,105,Animation,8.4,Lee Unkrich,Adrian Molina,384171,209726015.0,81.0
Django Unchained,2012,165,Drama,8.4,Quentin Tarantino,Jamie Foxx,1357682,162805434.0,81.0
The Dark Knight Rises,2012,164,Action,8.4,Christopher Nolan,Christian Bale,1516346,448139099.0,78.0
3 Idiots,2009,170,Comedy,8.4,Rajkumar Hirani,Aamir Khan,344445,6532908.0,67.0
Taare Zameen Par,2007,165,Drama,8.4,Aamir Khan,Amole Gupte,168895,1223869.0,
WALL·E,2008,98,Animation,8.4,Andrew Stanton,Ben Burtt,999790,223808164.0,95.0
The Lives of Others,2006,137,Drama,8.4,Florian Henckel von Donnersmarck,Ulrich Mühe,358685,11286112.0,89.0
Oldeuboi,2003,101,Action,8.4,Chan-wook Park,Choi Min-sik,515451,707481.0,77.0
Memento,2000,113,Mystery,8.4,Christopher Nolan,Guy Pearce,1125712,25544867.0,80.0
Mononoke-hime,1997,134,Animation,8.4,Hayao Miyazaki,Yôji Matsuda,343171,2375308.0,76.0
Once Upon a Time in America,1984,229,Crime,8.4,Sergio Leone,Robert De Niro,311365,5321508.0,
Raiders of the Lost Ark,1981,115,Action,8.4,Steven Spielberg,Harrison Ford,884112,248159971.0,85.0
The Shining,1980,146,Drama,8.4,Stanley Kubrick,Jack Nicholson,898237,44017374.0,66.0
Apocalypse Now,1979,147,Drama,8.4,Francis Ford Coppola,Martin Sheen,606398,83471511.0,94.0
Alien,1979,117,Horror,8.4,Ridley Scott,Sigourney Weaver,787806,78900000.0,89.0
Anand,1971,122,Drama,8.4,Hrishikesh Mukherjee,Rajesh Khanna,30273,472504446.0,
Tengoku to jigoku,1963,143,Crime,8.4,Akira Kurosawa,Toshirô Mifune,34357,620361655.0,
Dr. Strangelove or: How I Learned to Stop Worrying and Love the Bomb,1964,95,Comedy,8.4,Stanley Kubrick,Peter Sellers,450474,275902.0,97.0
Witness for the Prosecution,1957,116,Crime,8.4,Billy Wilder,Tyrone Power,108862,8175000.0,
Paths of Glory,1957,88,Drama,8.4,Stanley Kubrick,Kirk Douglas,178092,518311052.0,90.0
Rear Window,1954,112,Mystery,8.4,Alfred Hitchcock,James Stewart,444074,36764313.0,100.0
Sunset Blvd.,1950,110,Drama,8.4,Billy Wilder,William Holden,201632,506055932.0,
The Great Dictator,1940,125,Comedy,8.4,Charles Chaplin,Charles Chaplin,203150,288475.0,
1917,2019,119,Drama,8.3,Sam Mendes,Dean-Charles Chapman,425844,159227644.0,78.0
Tumbbad,2018,104,Drama,8.3,Rahi Anil Barve,Anand Gandhi,27793,755669279.0,
Andhadhun,2018,139,Crime,8.3,Sriram Raghavan,Ayushmann Khurrana,71875,1373943.0,
Drishyam,2013,160,Crime,8.3,Jeethu Joseph,Mohanlal,30722,11339376.0,
Jagten,2012,115,Drama,8.3,Thomas Vinterberg,Mads Mikkelsen,281623,687185.0,77.0
Jodaeiye Nader az Simin,2011,123,Drama,8.3,Asghar Farhadi,Payman Maadi,220002,7098492.0,95.0
Incendies,2010,131,Drama,8.3,Denis Villeneuve,Lubna Azabal,150023,6857096.0,80.0
Miracle in cell NO.7,2019,132,Drama,8.3,Mehmet Ada Öztekin,Aras Bulut Iynemli,33935,846784112.0,
Babam ve Oglum,2005,112,Drama,8.3,Çagan Irmak,Çetin Tekindor,78925,461855363.0,
Inglourious Basterds,2009,153,Adventure,8.3,Quentin Tarantino,Brad Pitt,1267869,120540719.0,69.0
Eternal Sunshine of the Spotless Mind,2004,108,Drama,8.3,Michel Gondry,Jim Carrey,911664,34400301.0,89.0
Amélie,2001,122,Comedy,8.3,Jean-Pierre Jeunet,Audrey Tautou,703810,33225499.0,69.0
Snatch,2000,104,Comedy,8.3,Guy Ritchie,Jason Statham,782001,30328156.0,55.0
Requiem for a Dream,2000,102,Drama,8.3,Darren Aronofsky,Ellen Burstyn,766870,3635482.0,68.0
American Beauty,1999,122,Drama,8.3,Sam Mendes,Kevin Spacey,1069738,130096601.0,84.0
Good Will Hunting,1997,126,Drama,8.3,Gus Van Sant,Robin Williams,861606,138433435.0,70.0
Bacheha-Ye aseman,1997,89,Drama,8.3,Majid Majidi,Mohammad Amir Naji,65341,933933.0,77.0
Toy Story,1995,81,Animation,8.3,John Lasseter,Tom Hanks,887429,191796233.0,95.0
Braveheart,1995,178,Biography,8.3,Mel Gibson,Mel Gibson,959181,75600000.0,68.0
Reservoir Dogs,1992,99,Crime,8.3,Quentin Tarantino,Harvey Keitel,918562,2832029.0,79.0
Full Metal Jacket,1987,116,Drama,8.3,Stanley Kubrick,Matthew Modine,675146,46357676.0,76.0
Idi i smotri,1985,142,Drama,8.3,Elem Klimov,Aleksey Kravchenko,59056,728423774.0,
Aliens,1986,137,Action,8.3,James Cameron,Sigourney Weaver,652719,85160248.0,84.0
Amadeus,1984,160,Biography,8.3,Milos Forman,F. Murray Abraham,369007,51973029.0,88.0
Scarface,1983,170,Crime,8.3,Brian De Palma,Al Pacino,740911,45598982.0,65.0
Star Wars: Episode VI - Return of the Jedi,1983,131,Action,8.3,Richard Marquand,Mark Hamill,950470,309125409.0,58.0
Das Boot,1981,149,Adventure,8.3,Wolfgang Petersen,Jürgen Prochnow,231855,11487676.0,86.0
Taxi Driver,1976,114,Crime,8.3,Martin Scorsese,Robert De Niro,724636,28262574.0,94.0
The Sting,1973,129,Comedy,8.3,George Roy Hill,Paul Newman,241513,159600000.0,83.0
A Clockwork Orange,1971,136,Crime,8.3,Stanley Kubrick,Malcolm McDowell,757904,6207725.0,77.0
2001: A Space Odyssey,1968,149,Adventure,8.3,Stanley Kubrick,Keir Dullea,603517,56954992.0,84.0
Per qualche dollaro in più,1965,132,Western,8.3,Sergio Leone,Clint Eastwood,232772,15000000.0,74.0
Lawrence of Arabia,1962,228,Adventure,8.3,David Lean,Peter O'Toole,268085,44824144.0,100.0
The Apartment,1960,125,Comedy,8.3,Billy Wilder,Jack Lemmon,164363,18600000.0,94.0
North by Northwest,1959,136,Adventure,8.3,Alfred Hitchcock,Cary Grant,299198,13275000.0,98.0
Vertigo,1958,128,Mystery,8.3,Alfred Hitchcock,James Stewart,364368,3200000.0,100.0
Singin' in the Rain,1952,103,Comedy,8.3,Stanley Donen,Gene Kelly,218957,8819028.0,99.0
Ikiru,1952,143,Drama,8.3,Akira Kurosawa,Takashi Shimura,68463,55240.0,
Ladri di biciclette,1948,89,Drama,8.3,Vittorio De Sica,Lamberto Maggiorani,146427,332930.0,
Double Indemnity,1944,107,Crime,8.3,Billy Wilder,Fred MacMurray,143525,5720000.0,95.0
Citizen Kane,1941,119,Drama,8.3,Orson Welles,Orson Welles,403351,1585634.0,100.0
M - Eine Stadt sucht einen Mörder,1931,117,Crime,8.3,Fritz Lang,Peter Lorre,143434,28877.0,
Metropolis,1927,153,Drama,8.3,Fritz Lang,Brigitte Helm,159992,1236166.0,98.0
The Kid,1921,68,Comedy,8.3,Charles Chaplin,Charles Chaplin,113314,5450000.0,
Chhichhore,2019,143,Comedy,8.2,Nitesh Tiwari,Sushant Singh Rajput,33893,898575.0,
Uri: The Surgical Strike,2018,138,Action,8.2,Aditya Dhar,Vicky Kaushal,43444,4186168.0,
K.G.F: Chapter 1,2018,156,Action,8.2,Prashanth Neel,Yash,36680,811875821.0,
Green Book,2018,130,Biography,8.2,Peter Farrelly,Viggo Mortensen,377884,85080171.0,69.0
"Three Billboards Outside Ebbing, Missouri",2017,115,Comedy,8.2,Martin McDonagh,Frances McDormand,432610,54513740.0,88.0
Talvar,2015,132,Crime,8.2,Meghna Gulzar,Irrfan Khan,31142,342370.0,
Baahubali 2: The Conclusion,2017,167,Action,8.2,S.S. Rajamouli,Prabhas,75348,20186659.0,
Klaus,2019,96,Animation,8.2,Sergio Pablos,Carlos Martínez López,104761,148596026.0,65.0
Drishyam,2015,163,Crime,8.2,Nishikant Kamat,Ajay Devgn,70367,739478.0,
Queen,2013,146,Adventure,8.2,Vikas Bahl,Kangana Ranaut,60701,1429534.0,
Mandariinid,2013,87,Drama,8.2,Zaza Urushadze,Lembit Ulfsak,40382,144501.0,73.0
Bhaag Milkha Bhaag,2013,186,Biography,8.2,Rakeysh Omprakash Mehra,Farhan Akhtar,61137,1626289.0,
Gangs of Wasseypur,2012,321,Action,8.2,Anurag Kashyap,Manoj Bajpayee,82365,5257741.0,89.0
Udaan,2010,134,Drama,8.2,Vikramaditya Motwane,Rajat Barmecha,42341,7461.0,
Paan Singh Tomar,2012,135,Action,8.2,Tigmanshu Dhulia,Irrfan Khan,33237,39567.0,
El secreto de sus ojos,2009,129,Drama,8.2,Juan José Campanella,Ricardo Darín,193217,6391436.0,80.0
Warrior,2011,140,Action,8.2,Gavin O'Connor,Tom Hardy,435950,13657115.0,71.0
Shutter Island,2010,138,Mystery,8.2,Martin Scorsese,Leonardo DiCaprio,1129894,128012934.0,63.0
Up,2009,96,Animation,8.2,Pete Docter,Bob Peterson,935507,293004164.0,88.0
The Wolf of Wall Street,2013,180,Biography,8.2,Martin Scorsese,Leonardo DiCaprio,1187498,116900694.0,75.0
Chak De! India,2007,153,Drama,8.2,Shimit Amin,Shah Rukh Khan,74129,1113541.0,68.0
There Will Be Blood,2007,158,Drama,8.2,Paul Thomas Anderson,Daniel Day-Lewis,517359,40222514.0,93.0
Pan's Labyrinth,2006,118,Drama,8.2,Guillermo del Toro,Ivana Baquero,618623,37634615.0,98.0
Toy Story 3,2010,103,Animation,8.2,Lee Unkrich,Tom Hanks,757032,415004880.0,92.0
V for Vendetta,2005,132,Action,8.2,James McTeigue,Hugo Weaving,1032749,70511035.0,62.0
Rang De Basanti,2006,167,Comedy,8.2,Rakeysh Omprakash Mehra,Aamir Khan,111937,2197331.0,
Black,2005,122,Drama,8.2,Sanjay Leela Bhansali,Amitabh Bachchan,33354,733094.0,
Batman Begins,2005,140,Action,8.2,Christopher Nolan,Christian Bale,1308302,206852432.0,70.0
"Swades: We, the People",2004,210,Drama,8.2,Ashutosh Gowariker,Shah Rukh Khan,83005,1223240.0,
Der Untergang,2004,156,Biography,8.2,Oliver Hirschbiegel,Bruno Ganz,331308,5509040.0,82.0
Hauru no ugoku shiro,2004,119,Animation,8.2,Hayao Miyazaki,Chieko Baishô,333915,4711096.0,80.0
A Beautiful Mind,2001,135,Biography,8.2,Ron Howard,Russell Crowe,848920,170742341.0,72.0
Hera Pheri,2000,156,Action,8.2,Priyadarshan,Akshay Kumar,57057,177903165.0,
"Lock, Stock and Two Smoking Barrels",1998,107,Action,8.2,Guy Ritchie,Jason Flemyng,535216,3897569.0,66.0
L.A. Confidential,1997,138,Crime,8.2,Curtis Hanson,Kevin Spacey,531967,64616940.0,90.0
Eskiya,1996,128,Crime,8.2,Yavuz Turgul,Sener Sen,64118,764480450.0,
Heat,1995,170,Crime,8.2,Michael Mann,Al Pacino,577113,67436818.0,76.0
Casino,1995,178,Crime,8.2,Martin Scorsese,Robert De Niro,466276,42438300.0,73.0
Andaz Apna Apna,1994,160,Action,8.2,Rajkumar Santoshi,Aamir Khan,49300,213351844.0,
Unforgiven,1992,130,Drama,8.2,Clint Eastwood,Clint Eastwood,375935,101157447.0,85.0
Indiana Jones and the Last Crusade,1989,127,Action,8.2,Steven Spielberg,Harrison Ford,692366,197171806.0,65.0
Dom za vesanje,1988,142,Comedy,8.2,Emir Kusturica,Davor Dujmovic,26402,280015.0,
Tonari no Totoro,1988,86,Animation,8.2,Hayao Miyazaki,Hitoshi Takagi,291180,1105564.0,86.0
Die Hard,1988,132,Action,8.2,John McTiernan,Bruce Willis,793164,83008852.0,72.0
Ran,1985,162,Action,8.2,Akira Kurosawa,Tatsuya Nakadai,112505,4135750.0,96.0
Raging Bull,1980,129,Biography,8.2,Martin Scorsese,Robert De Niro,321860,23383987.0,89.0
Stalker,1979,162,Drama,8.2,Andrei Tarkovsky,Alisa Freyndlikh,116945,234723.0,
Höstsonaten,1978,99,Drama,8.2,Ingmar Bergman,Ingrid Bergman,26875,231949286.0,
The Message,1976,177,Biography,8.2,Moustapha Akkad,Anthony Quinn,43885,216427395.0,
Sholay,1975,204,Action,8.2,Ramesh Sippy,Sanjeev Kumar,51284,932069480.0,
Monty Python and the Holy Grail,1975,91,Adventure,8.2,Terry Gilliam,Terry Jones,500875,1229197.0,91.0
The Great Escape,1963,172,Adventure,8.2,John Sturges,Steve McQueen,224730,12100000.0,86.0
To Kill a Mockingbird,1962,129,Crime,8.2,Robert Mulligan,Gregory Peck,293811,504340883.0,88.0
Yôjinbô,1961,110,Action,8.2,Akira Kurosawa,Toshirô Mifune,111244,474518350.0,
Judgment at Nuremberg,1961,179,Drama,8.2,Stanley Kramer,Spencer Tracy,69458,867589901.0,60.0
Some Like It Hot,1959,121,Comedy,8.2,Billy Wilder,Marilyn Monroe,243943,25000000.0,98.0
Smultronstället,1957,91,Drama,8.2,Ingmar Bergman,Victor Sjöström,96381,144259257.0,88.0
Det sjunde inseglet,1957,96,Drama,8.2,Ingmar Bergman,Max von Sydow,164939,805742063.0,88.0
Du rififi chez les hommes,1955,118,Crime,8.2,Jules Dassin,Jean Servais,28810,57226.0,97.0
Dial M for Murder,1954,105,Crime,8.2,Alfred Hitchcock,Ray Milland,158335,12562.0,75.0
Tôkyô monogatari,1953,136,Drama,8.2,Yasujirô Ozu,Chishû Ryû,53153,129117599.0,
Rashômon,1950,88,Crime,8.2,Akira Kurosawa,Toshirô Mifune,152572,96568.0,98.0
All About Eve,1950,138,Drama,8.2,Joseph L. Mankiewicz,Bette Davis,120539,10177.0,98.0
The Treasure of the Sierra Madre,1948,126,Adventure,8.2,John Huston,Humphrey Bogart,114304,5014000.0,98.0
To Be or Not to Be,1942,99,Comedy,8.2,Ernst Lubitsch,Carole Lombard,29915,11914855.0,86.0
The Gold Rush,1925,95,Adventure,8.2,Charles Chaplin,Charles Chaplin,101053,5450000.0,
Sherlock Jr.,1924,45,Action,8.2,Buster Keaton,Buster Keaton,41985,977375.0,
Portrait de la jeune fille en feu,2019,122,Drama,8.1,Céline Sciamma,Noémie Merlant,63134,3759854.0,95.0
Pink,2016,136,Drama,8.1,Aniruddha Roy Chowdhury,Taapsee Pannu,39216,1241223.0,
Koe no katachi,2016,130,Animation,8.1,Naoko Yamada,Miyu Irino,47708,37039721.0,78.0
Contratiempo,2016,106,Crime,8.1,Oriol Paulo,Mario Casas,141516,29756639.0,
Ah-ga-ssi,2016,145,Drama,8.1,Chan-wook Park,Kim Min-hee,113649,2006788.0,84.0
Mommy,2014,139,Drama,8.1,Xavier Dolan,Anne Dorval,50700,3492754.0,74.0
Haider,2014,160,Action,8.1,Vishal Bhardwaj,Shahid Kapoor,50445,901610.0,
Logan,2017,137,Action,8.1,James Mangold,Hugh Jackman,647884,226277068.0,77.0
Room,2015,118,Drama,8.1,Lenny Abrahamson,Brie Larson,371538,14677674.0,86.0
Relatos salvajes,2014,122,Comedy,8.1,Damián Szifron,Darío Grandinetti,177059,3107072.0,77.0
Soul,2020,100,Animation,8.1,Pete Docter,Kemp Powers,159171,321826155.0,83.0
Kis Uykusu,2014,196,Drama,8.1,Nuri Bilge Ceylan,Haluk Bilginer,46547,165520.0,88.0
PK,2014,153,Comedy,8.1,Rajkumar Hirani,Aamir Khan,163061,10616104.0,
OMG: Oh My God!,2012,125,Comedy,8.1,Umesh Shukla,Paresh Rawal,51739,923221.0,
The Grand Budapest Hotel,2014,99,Adventure,8.1,Wes Anderson,Ralph Fiennes,707630,59100318.0,88.0
Gone Girl,2014,149,Drama,8.1,David Fincher,Ben Affleck,859695,167767189.0,79.0
Ôkami kodomo no Ame to Yuki,2012,117,Animation,8.1,Mamoru Hosoda,Aoi Miyazaki,38803,224400323.0,71.0
Hacksaw Ridge,2016,139,Biography,8.1,Mel Gibson,Andrew Garfield,435928,67209615.0,71.0
Inside Out,2015,95,Animation,8.1,Pete Docter,Ronnie Del Carmen,616228,356461711.0,94.0
Barfi!,2012,151,Comedy,8.1,Anurag Basu,Ranbir Kapoor,75721,2804874.0,
12 Years a Slave,2013,134,Biography,8.1,Steve McQueen,Chiwetel Ejiofor,640533,56671993.0,96.0
Rush,2013,123,Action,8.1,Ron Howard,Daniel Brühl,432811,26947624.0,74.0
Ford v Ferrari,2019,152,Action,8.1,James Mangold,Matt Damon,291289,117624028.0,81.0
Spotlight,2015,129,Biography,8.1,Tom McCarthy,Mark Ruffalo,420316,45055776.0,93.0
Song of the Sea,2014,93,Animation,8.1,Tomm Moore,David Rawle,51679,857524.0,85.0
Kahaani,2012,122,Mystery,8.1,Sujoy Ghosh,Vidya Balan,57806,1035953.0,
Zindagi Na Milegi Dobara,2011,155,Comedy,8.1,Zoya Akhtar,Hrithik Roshan,67927,3108485.0,
Prisoners,2013,153,Crime,8.1,Denis Villeneuve,Hugh Jackman,601149,61002302.0,70.0
Mad Max: Fury Road,2015,120,Action,8.1,George Miller,Tom Hardy,882316,154058340.0,90.0
A Wednesday,2008,104,Action,8.1,Neeraj Pandey,Anupam Kher,73891,573329738.0,
Gran Torino,2008,116,Drama,8.1,Clint Eastwood,Clint Eastwood,720450,148095302.0,72.0
Harry Potter and the Deathly Hallows: Part 2,2011,130,Adventure,8.1,David Yates,Daniel Radcliffe,764493,381011219.0,85.0
Okuribito,2008,130,Drama,8.1,Yôjirô Takita,Masahiro Motoki,48582,1498210.0,68.0
Hachi: A Dog's Tale,2009,93,Biography,8.1,Lasse Hallström,Richard Gere,253575,91090444.0,
Mary and Max,2009,92,Animation,8.1,Adam Elliot,Toni Collette,164462,873839108.0,
How to Train Your Dragon,2010,98,Animation,8.1,Dean DeBlois,Chris Sanders,666773,217581231.0,75.0
Into the Wild,2007,148,Adventure,8.1,Sean Penn,Emile Hirsch,572921,18354356.0,73.0
No Country for Old Men,2007,122,Crime,8.1,Ethan Coen,Joel Coen,856916,74283625.0,91.0
Lage Raho Munna Bhai,2006,144,Comedy,8.1,Rajkumar Hirani,Sanjay Dutt,43137,2217561.0,
Million Dollar Baby,2004,132,Drama,8.1,Clint Eastwood,Hilary Swank,635975,100492203.0,86.0
Hotel Rwanda,2004,121,Biography,8.1,Terry George,Don Cheadle,334320,23530892.0,79.0
Taegukgi hwinalrimyeo,2004,140,Action,8.1,Je-kyu Kang,Jang Dong-Gun,37820,1111061.0,64.0
Before Sunset,2004,80,Drama,8.1,Richard Linklater,Ethan Hawke,236311,5820649.0,90.0
Munna Bhai M.B.B.S.,2003,156,Comedy,8.1,Rajkumar Hirani,Sanjay Dutt,73992,43851222.0,
Salinui chueok,2003,131,Crime,8.1,Bong Joon Ho,Kang-ho Song,139558,14131.0,82.0
Dil Chahta Hai,2001,183,Comedy,8.1,Farhan Akhtar,Aamir Khan,66803,300000.0,
Kill Bill: Vol. 1,2003,111,Action,8.1,Quentin Tarantino,Uma Thurman,1000639,70099045.0,69.0
Finding Nemo,2003,100,Animation,8.1,Andrew Stanton,Lee Unkrich,949565,380843261.0,90.0
Catch Me If You Can,2002,141,Biography,8.1,Steven Spielberg,Leonardo DiCaprio,832846,164615351.0,75.0
Amores perros,2000,154,Drama,8.1,Alejandro G. Iñárritu,Emilio Echevarría,223741,5383834.0,83.0
"Monsters, Inc.",2001,92,Animation,8.1,Pete Docter,David Silverman,815505,289916256.0,79.0
"Shin seiki Evangelion Gekijô-ban: Air/Magokoro wo, kimi ni",1997,87,Animation,8.1,Hideaki Anno,Kazuya Tsurumaki,38847,364744762.0,
Lagaan: Once Upon a Time in India,2001,224,Adventure,8.1,Ashutosh Gowariker,Aamir Khan,105036,70147.0,84.0
The Sixth Sense,1999,107,Drama,8.1,M. Night Shyamalan,Bruce Willis,911573,293506292.0,64.0
La leggenda del pianista sull'oceano,1998,169,Drama,8.1,Giuseppe Tornatore,Tim Roth,59020,259127.0,58.0
The Truman Show,1998,103,Comedy,8.1,Peter Weir,Jim Carrey,939631,125618201.0,90.0
"Crna macka, beli macor",1998,127,Comedy,8.1,Emir Kusturica,Bajram Severdzan,50862,348660.0,73.0
The Big Lebowski,1998,117,Comedy,8.1,Joel Coen,Ethan Coen,732620,17498804.0,71.0
Fa yeung nin wah,2000,98,Drama,8.1,Kar-Wai Wong,Tony Chiu-Wai Leung,124383,2734044.0,85.0
Trainspotting,1996,93,Drama,8.1,Danny Boyle,Ewan McGregor,634716,16501785.0,83.0
Fargo,1996,98,Crime,8.1,Joel Coen,Ethan Coen,617444,24611975.0,85.0
Underground,1995,170,Comedy,8.1,Emir Kusturica,Predrag 'Miki' Manojlovic,55220,171082.0,
La haine,1995,98,Crime,8.1,Mathieu Kassovitz,Vincent Cassel,150345,309811.0,
Dilwale Dulhania Le Jayenge,1995,189,Drama,8.1,Aditya Chopra,Shah Rukh Khan,63516,15121644.0,
Before Sunrise,1995,101,Drama,8.1,Richard Linklater,Ethan Hawke,272291,5535405.0,77.0
Trois couleurs: Rouge,1994,99,Drama,8.1,Krzysztof Kieslowski,Irène Jacob,90729,4043686.0,100.0
Chung Hing sam lam,1994,102,Comedy,8.1,Kar-Wai Wong,Brigitte Lin,63122,600200.0,77.0
Jurassic Park,1993,127,Action,8.1,Steven Spielberg,Sam Neill,867615,402453882.0,68.0
In the Name of the Father,1993,133,Biography,8.1,Jim Sheridan,Daniel Day-Lewis,156842,25010410.0,84.0
Ba wang bie ji,1993,171,Drama,8.1,Kaige Chen,Leslie Cheung,25088,5216888.0,
Dà hóng denglong gaogao guà,1991,125,Drama,8.1,Yimou Zhang,Gong Li,29662,2603061.0,
Dead Poets Society,1989,128,Comedy,8.1,Peter Weir,Robin Williams,425457,95860116.0,79.0
Stand by Me,1986,89,Adventure,8.1,Rob Reiner,Wil Wheaton,363401,52287414.0,75.0
Platoon,1986,120,Drama,8.1,Oliver Stone,Charlie Sheen,381222,138530565.0,92.0
"Paris, Texas",1984,145,Drama,8.1,Wim Wenders,Harry Dean Stanton,91188,2181987.0,78.0
Kaze no tani no Naushika,1984,117,Animation,8.1,Hayao Miyazaki,Sumi Shimamoto,150924,495770.0,86.0
The Thing,1982,109,Horror,8.1,John Carpenter,Kurt Russell,371271,13782838.0,57.0
Pink Floyd: The Wall,1982,95,Drama,8.1,Alan Parker,Bob Geldof,76081,22244207.0,47.0
Fitzcarraldo,1982,158,Adventure,8.1,Werner Herzog,Klaus Kinski,31595,616558047.0,
Fanny och Alexander,1982,188,Drama,8.1,Ingmar Bergman,Bertil Guve,57784,4971340.0,100.0
Blade Runner,1982,117,Action,8.1,Ridley Scott,Harrison Ford,693827,32868943.0,84.0
The Elephant Man,1980,124,Biography,8.1,David Lynch,Anthony Hopkins,220078,753585104.0,78.0
Life of Brian,1979,94,Comedy,8.1,Terry Jones,Graham Chapman,367250,20045115.0,77.0
The Deer Hunter,1978,183,Drama,8.1,Michael Cimino,Robert De Niro,311361,48979328.0,86.0
Rocky,1976,120,Drama,8.1,John G. Avildsen,Sylvester Stallone,518546,117235247.0,70.0
Network,1976,121,Drama,8.1,Sidney Lumet,Faye Dunaway,144911,683407829.0,83.0
Barry Lyndon,1975,185,Adventure,8.1,Stanley Kubrick,Ryan O'Neal,149843,36008144.0,89.0
Zerkalo,1975,107,Biography,8.1,Andrei Tarkovsky,Margarita Terekhova,40081,177345.0,
Chinatown,1974,130,Drama,8.1,Roman Polanski,Jack Nicholson,294230,29000000.0,92.0
Paper Moon,1973,102,Comedy,8.1,Peter Bogdanovich,Ryan O'Neal,42285,30933743.0,77.0
Viskningar och rop,1972,91,Drama,8.1,Ingmar Bergman,Harriet Andersson,30206,1742348.0,
Solaris,1972,167,Drama,8.1,Andrei Tarkovsky,Natalya Bondarchuk,81021,526246744.0,90.0
Le samouraï,1967,105,Crime,8.1,Jean-Pierre Melville,Alain Delon,45434,39481.0,
Cool Hand Luke,1967,127,Crime,8.1,Stuart Rosenberg,Paul Newman,161984,16217773.0,92.0
Persona,1966,85,Drama,8.1,Ingmar Bergman,Bibi Andersson,103191,464738597.0,86.0
Andrei Rublev,1966,205,Biography,8.1,Andrei Tarkovsky,Anatoliy Solonitsyn,46947,102021.0,
La battaglia di Algeri,1966,121,Drama,8.1,Gillo Pontecorvo,Brahim Hadjadj,53089,55908.0,96.0
El ángel exterminador,1962,95,Drama,8.1,Luis Buñuel,Silvia Pinal,29682,345262196.0,
What Ever Happened to Baby Jane?,1962,134,Drama,8.1,Robert Aldrich,Bette Davis,50058,4050000.0,75.0
Sanjuro,1962,96,Action,8.1,Akira Kurosawa,Toshirô Mifune,33044,848120995.0,
The Man Who Shot Liberty Valance,1962,123,Drama,8.1,John Ford,James Stewart,68827,541426567.0,94.0
Ivanovo detstvo,1962,95,Drama,8.1,Andrei Tarkovsky,Eduard Abalov,31728,388466313.0,
Jungfrukällan,1960,89,Drama,8.1,Ingmar Bergman,Max von Sydow,26697,1526000.0,
Inherit the Wind,1960,128,Biography,8.1,Stanley Kramer,Spencer Tracy,27254,62850934.0,75.0
Les quatre cents coups,1959,99,Crime,8.1,François Truffaut,Jean-Pierre Léaud,105291,263473309.0,
Ben-Hur,1959,212,Adventure,8.1,William Wyler,Charlton Heston,219466,74700000.0,90.0
Kakushi-toride no san-akunin,1958,139,Adventure,8.1,Akira Kurosawa,Toshirô Mifune,34797,443906080.0,
Le notti di Cabiria,1957,110,Drama,8.1,Federico Fellini,Giulietta Masina,42940,752045.0,
Kumonosu-jô,1957,110,Drama,8.1,Akira Kurosawa,Toshirô Mifune,46678,612604239.0,
The Bridge on the River Kwai,1957,161,Adventure,8.1,David Lean,William Holden,203463,44908000.0,87.0
On the Waterfront,1954,108,Crime,8.1,Elia Kazan,Marlon Brando,142107,9600000.0,91.0
Le salaire de la peur,1953,131,Adventure,8.1,Henri-Georges Clouzot,Yves Montand,54588,124570860.0,85.0
Ace in the Hole,1951,111,Drama,8.1,Billy Wilder,Kirk Douglas,31568,3969893.0,72.0
White Heat,1949,114,Action,8.1,Raoul Walsh,James Cagney,29807,323145090.0,
The Third Man,1949,104,Film-Noir,8.1,Carol Reed,Orson Welles,158731,449191.0,97.0
The Red Shoes,1948,135,Drama,8.1,Michael Powell,Emeric Pressburger,30935,10900000.0,
The Shop Around the Corner,1940,99,Comedy,8.1,Ernst Lubitsch,Margaret Sullavan,28450,203300.0,96.0
Rebecca,1940,130,Drama,8.1,Alfred Hitchcock,Laurence Olivier,123942,4360000.0,86.0
Mr. Smith Goes to Washington,1939,129,Comedy,8.1,Frank Capra,James Stewart,107017,9600000.0,73.0
Gone with the Wind,1939,238,Drama,8.1,Victor Fleming,George Cukor,290074,198676459.0,97.0
La Grande Illusion,1937,113,Drama,8.1,Jean Renoir,Jean Gabin,33829,172885.0,
It Happened One Night,1934,105,Comedy,8.1,Frank Capra,Clark Gable,94016,4360000.0,87.0
La passion de Jeanne d'Arc,1928,110,Biography,8.1,Carl Theodor Dreyer,Maria Falconetti,47676,21877.0,
The Circus,1928,72,Comedy,8.1,Charles Chaplin,Charles Chaplin,30205,259701815.0,90.0
Sunrise: A Song of Two Humans,1927,94,Drama,8.1,F.W. Murnau,George O'Brien,46865,539540.0,
The General,1926,67,Action,8.1,Clyde Bruckman,Buster Keaton,81156,1033895.0,
Das Cabinet des Dr. Caligari,1920,76,Fantasy,8.1,Robert Wiene,Werner Krauss,57428,337574718.0,
Badhaai ho,2018,124,Comedy,8.0,Amit Ravindernath Sharma,Ayushmann Khurrana,27978,28738362.0,
Togo,2019,113,Adventure,8.0,Ericson Core,Willem Dafoe,37556,874211619.0,69.0
Airlift,2016,130,Drama,8.0,Raja Menon,Akshay Kumar,52897,96927481.0,
Bajrangi Bhaijaan,2015,163,Action,8.0,Kabir Khan,Salman Khan,72245,8178001.0,
Baby,2015,159,Action,8.0,Neeraj Pandey,Akshay Kumar,52848,223025817.0,
La La Land,2016,128,Comedy,8.0,Damien Chazelle,Ryan Gosling,505918,151101803.0,94.0
Lion,2016,118,Biography,8.0,Garth Davis,Dev Patel,213970,51739495.0,69.0
The Martian,2015,144,Adventure,8.0,Ridley Scott,Matt Damon,760094,228433663.0,80.0
Zootopia,2016,108,Animation,8.0,Byron Howard,Rich Moore,434143,341268248.0,78.0
Bãhubali: The Beginning,2015,159,Action,8.0,S.S. Rajamouli,Prabhas,102972,6738000.0,
Kaguyahime no monogatari,2013,137,Animation,8.0,Isao Takahata,Chloë Grace Moretz,38746,1506975.0,89.0
Wonder,2017,113,Drama,8.0,Stephen Chbosky,Jacob Tremblay,141923,132422809.0,66.0
Gully Boy,2019,154,Drama,8.0,Zoya Akhtar,Vijay Varma,31886,5566534.0,65.0
Special Chabbis,2013,144,Crime,8.0,Neeraj Pandey,Akshay Kumar,51069,1079369.0,
Short Term 12,2013,96,Drama,8.0,Destin Daniel Cretton,Brie Larson,81770,1010414.0,82.0
Serbuan maut 2: Berandal,2014,150,Action,8.0,Gareth Evans,Iko Uwais,114316,2625803.0,71.0
The Imitation Game,2014,114,Biography,8.0,Morten Tyldum,Benedict Cumberbatch,685201,91125683.0,73.0
Guardians of the Galaxy,2014,121,Action,8.0,James Gunn,Chris Pratt,1043455,333176600.0,76.0
Blade Runner 2049,2017,164,Action,8.0,Denis Villeneuve,Harrison Ford,461823,92054159.0,81.0
Her,2013,126,Drama,8.0,Spike Jonze,Joaquin Phoenix,540772,25568251.0,90.0
Bohemian Rhapsody,2018,134,Biography,8.0,Bryan Singer,Rami Malek,450349,216428042.0,49.0
The Revenant,2015,156,Action,8.0,Alejandro G. Iñárritu,Leonardo DiCaprio,705589,183637894.0,76.0
The Perks of Being a Wallflower,2012,103,Drama,8.0,Stephen Chbosky,Logan Lerman,462252,17738570.0,67.0
Tropa de Elite 2: O Inimigo Agora é Outro,2010,115,Action,8.0,José Padilha,Wagner Moura,79200,100119.0,71.0
The King's Speech,2010,118,Biography,8.0,Tom Hooper,Colin Firth,639603,138797449.0,88.0
The Help,2011,146,Drama,8.0,Tate Taylor,Emma Stone,428521,169708112.0,62.0
Deadpool,2016,108,Action,8.0,Tim Miller,Ryan Reynolds,902669,363070709.0,65.0
Darbareye Elly,2009,119,Drama,8.0,Asghar Farhadi,Golshifteh Farahani,45803,106662.0,87.0
Dev.D,2009,144,Drama,8.0,Anurag Kashyap,Abhay Deol,28749,10950.0,
Yip Man,2008,106,Action,8.0,Wilson Yip,Donnie Yen,211427,613703997.0,59.0
My Name Is Khan,2010,165,Drama,8.0,Karan Johar,Shah Rukh Khan,98575,4018695.0,50.0
Nefes: Vatan Sagolsun,2009,128,Action,8.0,Levent Semerci,Erdem Can,31838,45527809.0,
Slumdog Millionaire,2008,120,Drama,8.0,Danny Boyle,Loveleen Tandan,798882,141319928.0,84.0
Black Swan,2010,108,Drama,8.0,Darren Aronofsky,Natalie Portman,699673,106954678.0,79.0
Tropa de Elite,2007,115,Action,8.0,José Padilha,Wagner Moura,98097,8060.0,33.0
The Avengers,2012,143,Action,8.0,Joss Whedon,Robert Downey Jr.,1260806,623279547.0,69.0
Persepolis,2007,96,Animation,8.0,Vincent Paronnaud,Marjane Satrapi,88656,4445756.0,90.0
Dallas Buyers Club,2013,117,Biography,8.0,Jean-Marc Vallée,Matthew McConaughey,441614,27298285.0,80.0
The Pursuit of Happyness,2006,117,Biography,8.0,Gabriele Muccino,Will Smith,448930,163566459.0,64.0
Blood Diamond,2006,143,Adventure,8.0,Edward Zwick,Leonardo DiCaprio,499439,57366262.0,64.0
The Bourne Ultimatum,2007,115,Action,8.0,Paul Greengrass,Matt Damon,604694,227471070.0,85.0
Bin-jip,2004,88,Crime,8.0,Ki-duk Kim,Seung-Yun Lee,50610,238507.0,72.0
Sin City,2005,124,Crime,8.0,Frank Miller,Quentin Tarantino,738512,74103820.0,74.0
Le scaphandre et le papillon,2007,112,Biography,8.0,Julian Schnabel,Laura Obiols,103284,5990075.0,92.0
G.O.R.A.,2004,127,Adventure,8.0,Ömer Faruk Sorak,Cem Yilmaz,56960,196206077.0,
Ratatouille,2007,111,Animation,8.0,Brad Bird,Jan Pinkava,641645,206445654.0,96.0
Casino Royale,2006,144,Action,8.0,Martin Campbell,Daniel Craig,582239,167445960.0,80.0
Kill Bill: Vol. 2,2004,137,Action,8.0,Quentin Tarantino,Uma Thurman,683900,66208183.0,83.0
Vozvrashchenie,2003,110,Drama,8.0,Andrey Zvyagintsev,Vladimir Garin,42399,502028.0,82.0
Bom Yeoareum Gaeul Gyeoul Geurigo Bom,2003,103,Drama,8.0,Ki-duk Kim,Ki-duk Kim,77520,2380788.0,85.0
Mar adentro,2014,126,Biography,8.0,Alejandro Amenábar,Javier Bardem,77554,2086345.0,74.0
Cinderella Man,2005,144,Biography,8.0,Ron Howard,Russell Crowe,176151,61649911.0,69.0
Kal Ho Naa Ho,2003,186,Comedy,8.0,Nikkhil Advani,Preity Zinta,63460,1787378.0,54.0
Mou gaan dou,2002,101,Action,8.0,Andrew Lau,Alan Mak,117857,169659.0,75.0
Pirates of the Caribbean: The Curse of the Black Pearl,2003,143,Action,8.0,Gore Verbinski,Johnny Depp,1015122,305413918.0,63.0
Big Fish,2003,125,Adventure,8.0,Tim Burton,Ewan McGregor,415218,66257002.0,58.0
The Incredibles,2004,115,Animation,8.0,Brad Bird,Craig T. Nelson,657047,261441092.0,90.0
Yeopgijeogin geunyeo,2001,137,Comedy,8.0,Jae-young Kwak,Tae-Hyun Cha,45403,772721890.0,
Dogville,2003,178,Crime,8.0,Lars von Trier,Nicole Kidman,137963,1530386.0,60.0
Vizontele,2001,110,Comedy,8.0,Yilmaz Erdogan,Ömer Faruk Sorak,33592,200178699.0,
Donnie Darko,2001,113,Drama,8.0,Richard Kelly,Jake Gyllenhaal,740086,1480006.0,88.0
Magnolia,1999,188,Drama,8.0,Paul Thomas Anderson,Tom Cruise,289742,22455976.0,77.0
Dancer in the Dark,2000,140,Crime,8.0,Lars von Trier,Björk,102285,4184036.0,61.0
The Straight Story,1999,112,Biography,8.0,David Lynch,Richard Farnsworth,82002,6203044.0,86.0
Pâfekuto burû,1997,81,Animation,8.0,Satoshi Kon,Junko Iwao,58192,776665.0,
Festen,1998,105,Drama,8.0,Thomas Vinterberg,Ulrich Thomsen,78341,1647780.0,82.0
Central do Brasil,1998,110,Drama,8.0,Walter Salles,Fernanda Montenegro,36419,5595428.0,80.0
The Iron Giant,1999,86,Animation,8.0,Brad Bird,Eli Marienthal,172083,23159305.0,85.0
Knockin' on Heaven's Door,1997,87,Action,8.0,Thomas Jahn,Til Schweiger,27721,3296.0,
Sling Blade,1996,135,Drama,8.0,Billy Bob Thornton,Billy Bob Thornton,86838,24475416.0,84.0
Secrets & Lies,1996,136,Comedy,8.0,Mike Leigh,Timothy Spall,37564,13417292.0,91.0
Twelve Monkeys,1995,129,Mystery,8.0,Terry Gilliam,Bruce Willis,578443,57141459.0,74.0
Kôkaku Kidôtai,1995,83,Animation,8.0,Mamoru Oshii,Atsuko Tanaka,129231,515905.0,76.0
The Nightmare Before Christmas,1993,76,Animation,8.0,Henry Selick,Danny Elfman,300208,75082668.0,82.0
Groundhog Day,1993,101,Comedy,8.0,Harold Ramis,Bill Murray,577991,70906973.0,72.0
Bound by Honor,1993,180,Crime,8.0,Taylor Hackford,Damian Chapa,28825,4496583.0,47.0
Scent of a Woman,1992,156,Drama,8.0,Martin Brest,Al Pacino,263918,63895607.0,59.0
Aladdin,1992,90,Animation,8.0,Ron Clements,John Musker,373845,217350219.0,86.0
JFK,1991,189,Drama,8.0,Oliver Stone,Kevin Costner,142110,70405498.0,72.0
Beauty and the Beast,1991,84,Animation,8.0,Gary Trousdale,Kirk Wise,417178,218967620.0,95.0
Dances with Wolves,1990,181,Adventure,8.0,Kevin Costner,Kevin Costner,240266,184208848.0,72.0
Do the Right Thing,1989,120,Comedy,8.0,Spike Lee,Danny Aiello,89429,27545445.0,93.0
Rain Man,1988,133,Drama,8.0,Barry Levinson,Dustin Hoffman,473064,178800000.0,65.0
Akira,1988,124,Animation,8.0,Katsuhiro Ôtomo,Mitsuo Iwata,164918,553171.0,
The Princess Bride,1987,98,Adventure,8.0,Rob Reiner,Cary Elwes,393899,30857814.0,77.0
Der Himmel über Berlin,1987,128,Drama,8.0,Wim Wenders,Bruno Ganz,64722,3333969.0,79.0
Au revoir les enfants,1987,104,Drama,8.0,Louis Malle,Gaspard Manesse,31163,4542825.0,88.0
Tenkû no shiro Rapyuta,1986,125,Animation,8.0,Hayao Miyazaki,Mayumi Tanaka,150140,715920290.0,78.0
The Terminator,1984,107,Action,8.0,James Cameron,Arnold Schwarzenegger,799795,38400000.0,84.0
Gandhi,1982,191,Biography,8.0,Richard Attenborough,Ben Kingsley,217664,52767889.0,79.0
Kagemusha,1980,180,Drama,8.0,Akira Kurosawa,Tatsuya Nakadai,32195,66363801.0,84.0
Being There,1979,130,Comedy,8.0,Hal Ashby,Peter Sellers,65625,30177511.0,83.0
Annie Hall,1977,93,Comedy,8.0,Woody Allen,Woody Allen,251823,39200000.0,92.0
Jaws,1975,124,Adventure,8.0,Steven Spielberg,Roy Scheider,543388,260000000.0,87.0
Dog Day Afternoon,1975,125,Biography,8.0,Sidney Lumet,Al Pacino,235652,50000000.0,86.0
Young Frankenstein,1974,106,Comedy,8.0,Mel Brooks,Gene Wilder,143359,86300000.0,80.0
Papillon,1973,151,Biography,8.0,Franklin J. Schaffner,Steve McQueen,121627,53267000.0,58.0
The Exorcist,1973,122,Horror,8.0,William Friedkin,Ellen Burstyn,362393,232906145.0,81.0
Sleuth,1972,138,Mystery,8.0,Joseph L. Mankiewicz,Laurence Olivier,44748,4081254.0,
The Last Picture Show,1971,118,Drama,8.0,Peter Bogdanovich,Timothy Bottoms,42456,29133000.0,93.0
Fiddler on the Roof,1971,181,Drama,8.0,Norman Jewison,Topol,39491,80500000.0,67.0
Il conformista,1970,113,Drama,8.0,Bernardo Bertolucci,Jean-Louis Trintignant,27067,541940.0,100.0
Butch Cassidy and the Sundance Kid,1969,110,Biography,8.0,George Roy Hill,Paul Newman,201888,102308889.0,66.0
Rosemary's Baby,1968,137,Drama,8.0,Roman Polanski,Mia Farrow,193674,287621537.0,96.0
Planet of the Apes,1968,112,Adventure,8.0,Franklin J. Schaffner,Charlton Heston,165167,33395426.0,79.0
The Graduate,1967,106,Comedy,8.0,Mike Nichols,Dustin Hoffman,253676,104945305.0,83.0
Who's Afraid of Virginia Woolf?,1966,131,Drama,8.0,Mike Nichols,Elizabeth Taylor,68926,839059631.0,75.0
The Sound of Music,1965,172,Biography,8.0,Robert Wise,Julie Andrews,205425,163214286.0,63.0
Doctor Zhivago,1965,197,Drama,8.0,David Lean,Omar Sharif,69903,111722000.0,69.0
Per un pugno di dollari,1964,99,Action,8.0,Sergio Leone,Clint Eastwood,198219,14500000.0,65.0
8½,1963,138,Drama,8.0,Federico Fellini,Marcello Mastroianni,108844,50690.0,91.0
Vivre sa vie: Film en douze tableaux,1962,80,Drama,8.0,Jean-Luc Godard,Anna Karina,28057,482545511.0,
The Hustler,1961,134,Drama,8.0,Robert Rossen,Paul Newman,75067,8284000.0,90.0
La dolce vita,1960,174,Comedy,8.0,Federico Fellini,Marcello Mastroianni,66621,19516000.0,95.0
Rio Bravo,1959,141,Action,8.0,Howard Hawks,John Wayne,56305,12535000.0,93.0
Anatomy of a Murder,1959,161,Crime,8.0,Otto Preminger,James Stewart,59847,11900000.0,95.0
Touch of Evil,1958,95,Crime,8.0,Orson Welles,Charlton Heston,98431,2237659.0,99.0
Cat on a Hot Tin Roof,1958,108,Drama,8.0,Richard Brooks,Elizabeth Taylor,45062,17570324.0,84.0
Sweet Smell of Success,1957,96,Drama,8.0,Alexander Mackendrick,Burt Lancaster,28137,490441324.0,100.0
The Killing,1956,84,Crime,8.0,Stanley Kubrick,Sterling Hayden,81702,309154156.0,91.0
The Night of the Hunter,1955,92,Crime,8.0,Charles Laughton,Robert Mitchum,81980,654000.0,99.0
La Strada,1954,108,Drama,8.0,Federico Fellini,Anthony Quinn,58314,101832153.0,
Les diaboliques,1955,117,Crime,8.0,Henri-Georges Clouzot,Simone Signoret,61503,67939432.0,
Stalag 17,1953,120,Comedy,8.0,Billy Wilder,William Holden,51046,780722628.0,84.0
Roman Holiday,1953,118,Comedy,8.0,William Wyler,Gregory Peck,127256,557517195.0,78.0
A Streetcar Named Desire,1951,122,Drama,8.0,Elia Kazan,Vivien Leigh,99182,8000000.0,97.0
In a Lonely Place,1950,94,Drama,8.0,Nicholas Ray,Humphrey Bogart,26784,532877349.0,
Kind Hearts and Coronets,1949,106,Comedy,8.0,Robert Hamer,Dennis Price,34485,312368637.0,
Rope,1948,80,Crime,8.0,Alfred Hitchcock,James Stewart,129783,466149116.0,73.0
Out of the Past,1947,97,Crime,8.0,Jacques Tourneur,Robert Mitchum,32784,790482117.0,
Brief Encounter,1945,86,Drama,8.0,David Lean,Celia Johnson,35601,484221008.0,92.0
Laura,1944,88,Drama,8.0,Otto Preminger,Gene Tierney,42725,4360000.0,
The Best Years of Our Lives,1946,170,Drama,8.0,William Wyler,Myrna Loy,57259,23650000.0,93.0
Arsenic and Old Lace,1942,118,Comedy,8.0,Frank Capra,Cary Grant,65101,460853100.0,
The Maltese Falcon,1941,100,Film-Noir,8.0,John Huston,Humphrey Bogart,148928,2108060.0,96.0
The Grapes of Wrath,1940,129,Drama,8.0,John Ford,Henry Fonda,85559,55000.0,96.0
The Wizard of Oz,1939,102,Adventure,8.0,Victor Fleming,George Cukor,371379,2076020.0,92.0
La règle du jeu,1939,110,Comedy,8.0,Jean Renoir,Marcel Dalio,26725,512863371.0,
The Thin Man,1934,91,Comedy,8.0,W.S. Van Dyke,William Powell,26642,40687532.0,86.0
All Quiet on the Western Front,1930,152,Drama,8.0,Lewis Milestone,Lew Ayres,57318,3270000.0,91.0
Bronenosets Potemkin,1925,75,Drama,8.0,Sergei M. Eisenstein,Aleksandr Antonov,53054,50970.0,97.0
Knives Out,2019,130,Comedy,7.9,Rian Johnson,Daniel Craig,454203,165359751.0,82.0
Dil Bechara,2020,101,Comedy,7.9,Mukesh Chhabra,Sushant Singh Rajput,111478,228629261.0,
Manbiki kazoku,2018,121,Crime,7.9,Hirokazu Koreeda,Lily Franky,62754,3313513.0,93.0
Marriage Story,2019,137,Comedy,7.9,Noah Baumbach,Adam Driver,246644,2000000.0,94.0
Call Me by Your Name,2017,132,Drama,7.9,Luca Guadagnino,Armie Hammer,212651,18095701.0,93.0
"I, Daniel Blake",2016,100,Drama,7.9,Ken Loach,Laura Obiols,53818,258168.0,78.0
Isle of Dogs,2018,101,Animation,7.9,Wes Anderson,Bryan Cranston,139114,32015231.0,82.0
Hunt for the Wilderpeople,2016,101,Adventure,7.9,Taika Waititi,Sam Neill,111483,5202582.0,81.0
Captain Fantastic,2016,118,Comedy,7.9,Matt Ross,Viggo Mortensen,189400,5875006.0,72.0
Sing Street,2016,106,Comedy,7.9,John Carney,Ferdia Walsh-Peelo,85109,3237118.0,79.0
Thor: Ragnarok,2017,130,Action,7.9,Taika Waititi,Chris Hemsworth,587775,315058289.0,74.0
Nightcrawler,2014,117,Crime,7.9,Dan Gilroy,Jake Gyllenhaal,466134,32381218.0,76.0
Jojo Rabbit,2019,108,Comedy,7.9,Taika Waititi,Roman Griffin Davis,297918,349555.0,58.0
Arrival,2016,116,Drama,7.9,Denis Villeneuve,Amy Adams,594181,100546139.0,81.0
Star Wars: Episode VII - The Force Awakens,2015,138,Action,7.9,J.J. Abrams,Daisy Ridley,860823,936662225.0,80.0
Before Midnight,2013,109,Drama,7.9,Richard Linklater,Ethan Hawke,141457,8114627.0,94.0
X-Men: Days of Future Past,2014,132,Action,7.9,Bryan Singer,Patrick Stewart,659763,233921534.0,75.0
Bir Zamanlar Anadolu'da,2011,157,Crime,7.9,Nuri Bilge Ceylan,Muhammet Uzuner,41995,138730.0,82.0
The Artist,2011,100,Comedy,7.9,Michel Hazanavicius,Jean Dujardin,230624,44671682.0,89.0
Edge of Tomorrow,2014,113,Action,7.9,Doug Liman,Tom Cruise,600004,100206256.0,71.0
Amour,2012,127,Drama,7.9,Michael Haneke,Jean-Louis Trintignant,93090,6739492.0,94.0
The Irishman,2019,209,Biography,7.9,Martin Scorsese,Robert De Niro,324720,7000000.0,94.0
Un prophète,2009,155,Crime,7.9,Jacques Audiard,Tahar Rahim,93560,2084637.0,90.0
Moon,2009,97,Drama,7.9,Duncan Jones,Sam Rockwell,335152,5009677.0,67.0
Låt den rätte komma in,2008,114,Crime,7.9,Tomas Alfredson,Kåre Hedebrant,205609,2122065.0,82.0
District 9,2009,112,Action,7.9,Neill Blomkamp,Sharlto Copley,638202,115646235.0,81.0
The Wrestler,2008,109,Drama,7.9,Darren Aronofsky,Mickey Rourke,289415,26236603.0,80.0
Jab We Met,2007,138,Comedy,7.9,Imtiaz Ali,Shahid Kapoor,47720,410800.0,
Boyhood,2014,165,Drama,7.9,Richard Linklater,Ellar Coltrane,335533,25379975.0,100.0
"4 luni, 3 saptamâni si 2 zile",2007,113,Drama,7.9,Cristian Mungiu,Anamaria Marinca,56625,1185783.0,97.0
Star Trek,2009,127,Action,7.9,J.J. Abrams,Chris Pine,577336,257730019.0,82.0
In Bruges,2008,107,Comedy,7.9,Martin McDonagh,Colin Farrell,390334,7757130.0,67.0
The Man from Earth,2007,87,Drama,7.9,Richard Schenkman,David Lee Smith,174125,849967373.0,
Letters from Iwo Jima,2006,141,Action,7.9,Clint Eastwood,Ken Watanabe,154011,13756082.0,89.0
The Fall,2006,117,Adventure,7.9,Tarsem Singh,Lee Pace,107290,2280348.0,64.0
Life of Pi,2012,127,Adventure,7.9,Ang Lee,Suraj Sharma,580708,124987023.0,79.0
Fantastic Mr. Fox,2009,87,Animation,7.9,Wes Anderson,George Clooney,199696,21002919.0,83.0
C.R.A.Z.Y.,2005,129,Comedy,7.9,Jean-Marc Vallée,Michel Côté,31476,527282774.0,81.0
Les choristes,2004,97,Drama,7.9,Christophe Barratier,Gérard Jugnot,57430,3635164.0,56.0
Iron Man,2008,126,Action,7.9,Jon Favreau,Robert Downey Jr.,939644,318412101.0,79.0
Shaun of the Dead,2004,99,Comedy,7.9,Edgar Wright,Simon Pegg,512249,13542874.0,76.0
Gegen die Wand,2004,121,Drama,7.9,Fatih Akin,Birol Ünel,51325,213063755.0,78.0
Mystic River,2003,138,Crime,7.9,Clint Eastwood,Sean Penn,419420,90135191.0,84.0
Harry Potter and the Prisoner of Azkaban,2004,142,Adventure,7.9,Alfonso Cuarón,Daniel Radcliffe,552493,249358727.0,82.0
Ying xiong,2002,120,Action,7.9,Yimou Zhang,Jet Li,173999,53710019.0,85.0
Hable con ella,2002,112,Drama,7.9,Pedro Almodóvar,Rosario Flores,104691,9284265.0,86.0
No Man's Land,2001,98,Comedy,7.9,Danis Tanovic,Branko Djuric,44618,1059830.0,84.0
Cowboy Bebop: Tengoku no tobira,2001,115,Animation,7.9,Shin'ichirô Watanabe,Tensai Okamura,42897,1000045.0,61.0
The Bourne Identity,2002,119,Action,7.9,Doug Liman,Franka Potente,508771,121661683.0,68.0
Nueve reinas,2000,114,Crime,7.9,Fabián Bielinsky,Ricardo Darín,49721,1221261.0,80.0
Children of Men,2006,109,Adventure,7.9,Alfonso Cuarón,Julianne Moore,465113,35552383.0,84.0
Almost Famous,2000,122,Adventure,7.9,Cameron Crowe,Billy Crudup,252586,32534850.0,90.0
Mulholland Dr.,2001,147,Drama,7.9,David Lynch,Naomi Watts,322031,7220243.0,85.0
Toy Story 2,1999,92,Animation,7.9,John Lasseter,Ash Brannon,527512,245852179.0,88.0
Boogie Nights,1997,155,Drama,7.9,Paul Thomas Anderson,Mark Wahlberg,239473,26400640.0,85.0
Mimi wo sumaseba,1995,111,Animation,7.9,Yoshifumi Kondô,Yoko Honna,51943,252243550.0,75.0
Once Were Warriors,1994,102,Crime,7.9,Lee Tamahori,Rena Owen,31590,2201126.0,77.0
True Romance,1993,119,Crime,7.9,Tony Scott,Christian Slater,206918,12281500.0,59.0
Trois couleurs: Bleu,1993,94,Drama,7.9,Krzysztof Kieslowski,Juliette Binoche,89836,1324974.0,85.0
Jûbê ninpûchô,1993,94,Animation,7.9,Yoshiaki Kawajiri,Kôichi Yamadera,34529,713576404.0,
Carlito's Way,1993,144,Crime,7.9,Brian De Palma,Al Pacino,201000,36948322.0,65.0
Edward Scissorhands,1990,105,Drama,7.9,Tim Burton,Johnny Depp,447368,56362352.0,74.0
My Left Foot: The Story of Christy Brown,1989,103,Biography,7.9,Jim Sheridan,Daniel Day-Lewis,68076,14743391.0,97.0
Crimes and Misdemeanors,1989,104,Comedy,7.9,Woody Allen,Martin Landau,54670,18254702.0,77.0
The Untouchables,1987,119,Crime,7.9,Brian De Palma,Kevin Costner,281842,76270454.0,79.0
Hannah and Her Sisters,1986,107,Comedy,7.9,Woody Allen,Mia Farrow,67176,40084041.0,90.0
Brazil,1985,132,Drama,7.9,Terry Gilliam,Jonathan Pryce,187567,9929135.0,84.0
This Is Spinal Tap,1984,82,Comedy,7.9,Rob Reiner,Rob Reiner,128812,188751.0,92.0
A Christmas Story,1983,93,Comedy,7.9,Bob Clark,Peter Billingsley,132947,20605209.0,77.0
The Blues Brothers,1980,133,Action,7.9,John Landis,John Belushi,183182,57229890.0,60.0
Manhattan,1979,96,Comedy,7.9,Woody Allen,Woody Allen,131436,45700000.0,83.0
All That Jazz,1979,123,Drama,7.9,Bob Fosse,Roy Scheider,28223,37823676.0,72.0
Dawn of the Dead,1978,127,Action,7.9,George A. Romero,David Emge,111512,5100000.0,71.0
All the President's Men,1976,138,Biography,7.9,Alan J. Pakula,Dustin Hoffman,103031,70600000.0,84.0
La montaña sagrada,1973,114,Adventure,7.9,Alejandro Jodorowsky,Alejandro Jodorowsky,37183,61001.0,76.0
Amarcord,1973,123,Comedy,7.9,Federico Fellini,Magali Noël,39897,882861253.0,
Le charme discret de la bourgeoisie,1972,102,Comedy,7.9,Luis Buñuel,Fernando Rey,38737,198809.0,93.0
"Aguirre, der Zorn Gottes",1972,95,Action,7.9,Werner Herzog,Klaus Kinski,52397,508046921.0,
Harold and Maude,1971,91,Comedy,7.9,Hal Ashby,Ruth Gordon,70826,804935438.0,62.0
Patton,1970,172,Biography,7.9,Franklin J. Schaffner,George C. Scott,93741,61700000.0,91.0
The Wild Bunch,1969,145,Action,7.9,Sam Peckinpah,William Holden,77401,12064472.0,97.0
Night of the Living Dead,1968,96,Horror,7.9,George A. Romero,Duane Jones,116557,89029.0,89.0
The Lion in Winter,1968,134,Biography,7.9,Anthony Harvey,Peter O'Toole,29003,22276975.0,
In the Heat of the Night,1967,110,Crime,7.9,Norman Jewison,Sidney Poitier,67804,24379978.0,75.0
Charade,1963,113,Comedy,7.9,Stanley Donen,Cary Grant,68689,13474588.0,83.0
The Manchurian Candidate,1962,126,Drama,7.9,John Frankenheimer,Frank Sinatra,71122,238786038.0,94.0
Spartacus,1960,197,Adventure,7.9,Stanley Kubrick,Kirk Douglas,124339,30000000.0,87.0
L'avventura,1960,144,Drama,7.9,Michelangelo Antonioni,Gabriele Ferzetti,26542,872858832.0,
Hiroshima mon amour,1959,90,Drama,7.9,Alain Resnais,Emmanuelle Riva,28421,88300.0,
The Ten Commandments,1956,220,Adventure,7.9,Cecil B. DeMille,Charlton Heston,63560,93740000.0,
The Searchers,1956,119,Adventure,7.9,John Ford,John Wayne,80316,538886182.0,94.0
East of Eden,1955,118,Drama,7.9,Elia Kazan,James Dean,40313,473570909.0,72.0
High Noon,1952,85,Drama,7.9,Fred Zinnemann,Gary Cooper,97222,9450000.0,89.0
Strangers on a Train,1951,101,Crime,7.9,Alfred Hitchcock,Farley Granger,123341,7630000.0,88.0
Harvey,1950,104,Comedy,7.9,Henry Koster,James Stewart,52573,886752933.0,
Miracle on 34th Street,1947,96,Comedy,7.9,George Seaton,Edmund Gwenn,41625,2650000.0,88.0
Notorious,1946,102,Drama,7.9,Alfred Hitchcock,Cary Grant,92306,10464000.0,100.0
The Big Sleep,1946,114,Crime,7.9,Howard Hawks,Humphrey Bogart,78796,6540000.0,
The Lost Weekend,1945,101,Drama,7.9,Billy Wilder,Ray Milland,33549,9460000.0,
The Philadelphia Story,1940,112,Comedy,7.9,George Cukor,Cary Grant,63550,463399372.0,96.0
His Girl Friday,1940,92,Comedy,7.9,Howard Hawks,Cary Grant,53667,296000.0,
The Adventures of Robin Hood,1938,102,Action,7.9,Michael Curtiz,William Keighley,47175,3981000.0,97.0
A Night at the Opera,1935,96,Comedy,7.9,Sam Wood,Edmund Goulding,30580,2537520.0,
King Kong,1933,100,Adventure,7.9,Merian C. Cooper,Ernest B. Schoedsack,78991,10000000.0,90.0
Freaks,1932,64,Drama,7.9,Tod Browning,Wallace Ford,42117,355665088.0,80.0
Nosferatu,1922,94,Fantasy,7.9,F.W. Murnau,Max Schreck,88794,445151978.0,
The Gentlemen,2019,113,Action,7.8,Guy Ritchie,Matthew McConaughey,237392,179413519.0,51.0
Raazi,2018,138,Action,7.8,Meghna Gulzar,Alia Bhatt,25344,896910257.0,
Sound of Metal,2019,120,Drama,7.8,Darius Marder,Riz Ahmed,27187,196719735.0,81.0
Forushande,2016,124,Drama,7.8,Asghar Farhadi,Shahab Hosseini,51240,2402067.0,85.0
Dunkirk,2017,106,Action,7.8,Christopher Nolan,Fionn Whitehead,555092,188373161.0,94.0
Perfetti sconosciuti,2016,96,Comedy,7.8,Paolo Genovese,Giuseppe Battiston,57168,729888765.0,
Hidden Figures,2016,127,Biography,7.8,Theodore Melfi,Taraji P. Henson,200876,169607287.0,74.0
Paddington 2,2017,103,Adventure,7.8,Paul King,Ben Whishaw,61594,40442052.0,88.0
Udta Punjab,2016,148,Action,7.8,Abhishek Chaubey,Shahid Kapoor,27175,218428303.0,
Kubo and the Two Strings,2016,101,Animation,7.8,Travis Knight,Charlize Theron,118035,48023088.0,84.0
M.S. Dhoni: The Untold Story,2016,184,Biography,7.8,Neeraj Pandey,Sushant Singh Rajput,40416,1782795.0,
Manchester by the Sea,2016,137,Drama,7.8,Kenneth Lonergan,Casey Affleck,246963,47695120.0,96.0
Under sandet,2015,100,Drama,7.8,Martin Zandvliet,Roland Møller,35539,435266.0,75.0
Rogue One,2016,133,Action,7.8,Gareth Edwards,Felicity Jones,556608,532177324.0,65.0
Captain America: Civil War,2016,147,Action,7.8,Anthony Russo,Joe Russo,663649,408084349.0,75.0
The Hateful Eight,2015,168,Crime,7.8,Quentin Tarantino,Samuel L. Jackson,517059,54117416.0,68.0
Little Women,2019,135,Drama,7.8,Greta Gerwig,Saoirse Ronan,143250,108101214.0,91.0
Loving Vincent,2017,94,Animation,7.8,Dorota Kobiela,Hugh Welchman,50778,6735118.0,62.0
Pride,2014,119,Biography,7.8,Matthew Warchus,Bill Nighy,51841,574305769.0,79.0
Le passé,2013,130,Drama,7.8,Asghar Farhadi,Bérénice Bejo,45002,1330596.0,85.0
La grande bellezza,2013,141,Drama,7.8,Paolo Sorrentino,Toni Servillo,81125,2852400.0,86.0
The Lunchbox,2013,104,Drama,7.8,Ritesh Batra,Irrfan Khan,50523,4231500.0,76.0
Vicky Donor,2012,126,Comedy,7.8,Shoojit Sircar,Ayushmann Khurrana,39710,169209.0,
Big Hero 6,2014,102,Animation,7.8,Don Hall,Chris Williams,410983,222527828.0,74.0
About Time,2013,123,Comedy,7.8,Richard Curtis,Domhnall Gleeson,303032,15322921.0,55.0
English Vinglish,2012,134,Comedy,7.8,Gauri Shinde,Sridevi,33618,1670773.0,
Kaze tachinu,2013,126,Animation,7.8,Hayao Miyazaki,Hideaki Anno,73690,5209580.0,83.0
Toy Story 4,2019,100,Animation,7.8,Josh Cooley,Tom Hanks,203177,434038008.0,84.0
La migliore offerta,2013,131,Crime,7.8,Giuseppe Tornatore,Geoffrey Rush,108399,85433.0,49.0
Moonrise Kingdom,2012,94,Comedy,7.8,Wes Anderson,Jared Gilman,318789,45512466.0,84.0
How to Train Your Dragon 2,2014,102,Animation,7.8,Dean DeBlois,Jay Baruchel,305611,177002924.0,76.0
The Big Short,2015,130,Biography,7.8,Adam McKay,Christian Bale,362942,70259870.0,81.0
Kokuhaku,2010,106,Drama,7.8,Tetsuya Nakashima,Takako Matsu,35713,18500194.0,
Ang-ma-reul bo-at-da,2010,144,Action,7.8,Jee-woon Kim,Lee Byung-Hun,111252,128392.0,67.0
The Girl with the Dragon Tattoo,2011,158,Crime,7.8,David Fincher,Daniel Craig,423010,102515793.0,71.0
Captain Phillips,2013,134,Adventure,7.8,Paul Greengrass,Tom Hanks,421244,107100855.0,82.0
Ajeossi,2010,119,Action,7.8,Jeong-beom Lee,Won Bin,62848,6460.0,
Straight Outta Compton,2015,147,Biography,7.8,F. Gary Gray,O'Shea Jackson Jr.,179264,161197785.0,72.0
Madeo,2009,129,Crime,7.8,Bong Joon Ho,Hye-ja Kim,52758,547292.0,79.0
Chugyeokja,2008,125,Action,7.8,Hong-jin Na,Kim Yoon-seok,58468,369366051.0,64.0
The Hobbit: The Desolation of Smaug,2013,161,Adventure,7.8,Peter Jackson,Ian McKellen,601408,258366855.0,66.0
Das weiße Band - Eine deutsche Kindergeschichte,2009,144,Drama,7.8,Michael Haneke,Christian Friedel,68715,2222647.0,82.0
Män som hatar kvinnor,2009,152,Crime,7.8,Niels Arden Oplev,Michael Nyqvist,208994,10095170.0,76.0
The Trial of the Chicago 7,2020,129,Drama,7.8,Aaron Sorkin,Eddie Redmayne,89896,853090410.0,77.0
Druk,2020,117,Comedy,7.8,Thomas Vinterberg,Mads Mikkelsen,33931,349916480.0,81.0
The Fighter,2010,116,Biography,7.8,David O. Russell,Mark Wahlberg,340584,93617009.0,79.0
Taken,2008,90,Action,7.8,Pierre Morel,Liam Neeson,564791,145000989.0,51.0
The Boy in the Striped Pyjamas,2008,94,Drama,7.8,Mark Herman,Asa Butterfield,190748,9030581.0,55.0
Once,2007,86,Drama,7.8,John Carney,Glen Hansard,110656,9439923.0,88.0
The Hobbit: An Unexpected Journey,2012,169,Adventure,7.8,Peter Jackson,Martin Freeman,757377,303003568.0,58.0
Auf der anderen Seite,2007,122,Drama,7.8,Fatih Akin,Baki Davrak,30827,741283.0,85.0
Atonement,2007,123,Drama,7.8,Joe Wright,Keira Knightley,251370,50927067.0,85.0
Drive,2011,100,Crime,7.8,Nicolas Winding Refn,Ryan Gosling,571571,35061555.0,78.0
American Gangster,2007,157,Biography,7.8,Ridley Scott,Denzel Washington,392449,130164645.0,76.0
Avatar,2009,162,Action,7.8,James Cameron,Sam Worthington,1118998,760507625.0,83.0
Mr. Nobody,2009,141,Drama,7.8,Jaco Van Dormael,Jared Leto,216421,3600.0,63.0
Apocalypto,2006,139,Action,7.8,Mel Gibson,Gerardo Taracena,291018,50866635.0,68.0
Little Miss Sunshine,2006,101,Comedy,7.8,Jonathan Dayton,Valerie Faris,439856,59891098.0,80.0
Hot Fuzz,2007,121,Action,7.8,Edgar Wright,Simon Pegg,463466,23637265.0,81.0
The Curious Case of Benjamin Button,2008,166,Drama,7.8,David Fincher,Brad Pitt,589160,127509326.0,70.0
Veer-Zaara,2004,192,Drama,7.8,Yash Chopra,Shah Rukh Khan,49050,2921738.0,67.0
Adams æbler,2005,94,Comedy,7.8,Anders Thomas Jensen,Ulrich Thomsen,45717,1305.0,51.0
Pride & Prejudice,2005,129,Drama,7.8,Joe Wright,Keira Knightley,258924,38405088.0,82.0
The World's Fastest Indian,2005,127,Biography,7.8,Roger Donaldson,Anthony Hopkins,51980,5128124.0,68.0
Tôkyô goddofâzâzu,2003,90,Animation,7.8,Satoshi Kon,Shôgo Furuya,31658,128985.0,73.0
Serenity,2005,119,Action,7.8,Joss Whedon,Nathan Fillion,283310,25514517.0,74.0
Walk the Line,2005,136,Biography,7.8,James Mangold,Joaquin Phoenix,234207,119519402.0,72.0
Ondskan,2003,113,Drama,7.8,Mikael Håfström,Andreas Wilson,35682,15280.0,61.0
The Notebook,2004,123,Drama,7.8,Nick Cassavetes,Gena Rowlands,520284,81001787.0,53.0
Diarios de motocicleta,2004,126,Adventure,7.8,Walter Salles,Gael García Bernal,96703,16756372.0,75.0
Lilja 4-ever,2002,109,Crime,7.8,Lukas Moodysson,Oksana Akinshina,42673,181655.0,82.0
Les triplettes de Belleville,2003,80,Animation,7.8,Sylvain Chomet,Michèle Caucheteux,50622,7002255.0,91.0
Gongdong gyeongbi guyeok JSA,2000,110,Action,7.8,Chan-wook Park,Lee Yeong-ae,26518,147161249.0,58.0
The Count of Monte Cristo,2002,131,Action,7.8,Kevin Reynolds,Jim Caviezel,129022,54234062.0,61.0
Waking Life,2001,99,Animation,7.8,Richard Linklater,Ethan Hawke,60684,2892011.0,83.0
Remember the Titans,2000,113,Biography,7.8,Boaz Yakin,Denzel Washington,198089,115654751.0,48.0
Wo hu cang long,2000,120,Action,7.8,Ang Lee,Yun-Fat Chow,253228,128078872.0,94.0
Todo sobre mi madre,1999,101,Drama,7.8,Pedro Almodóvar,Cecilia Roth,89058,8264530.0,87.0
Cast Away,2000,143,Adventure,7.8,Robert Zemeckis,Tom Hanks,524235,233632142.0,73.0
The Boondock Saints,1999,108,Action,7.8,Troy Duffy,Willem Dafoe,227143,25812.0,44.0
The Insider,1999,157,Biography,7.8,Michael Mann,Russell Crowe,159886,28965197.0,84.0
October Sky,1999,108,Biography,7.8,Joe Johnston,Jake Gyllenhaal,82855,32481825.0,71.0
Shrek,2001,90,Animation,7.8,Andrew Adamson,Vicky Jenson,613941,267665011.0,84.0
Titanic,1997,194,Drama,7.8,James Cameron,Leonardo DiCaprio,1046089,659325379.0,75.0
Hana-bi,1997,103,Crime,7.8,Takeshi Kitano,Takeshi Kitano,27712,233986.0,
Gattaca,1997,106,Drama,7.8,Andrew Niccol,Ethan Hawke,280845,12339633.0,64.0
The Game,1997,129,Action,7.8,David Fincher,Michael Douglas,345096,48323648.0,61.0
Breaking the Waves,1996,159,Drama,7.8,Lars von Trier,Emily Watson,62428,4040691.0,76.0
Ed Wood,1994,127,Biography,7.8,Tim Burton,Johnny Depp,164937,5887457.0,70.0
What's Eating Gilbert Grape,1993,118,Drama,7.8,Lasse Hallström,Johnny Depp,215034,9170214.0,73.0
Tombstone,1993,130,Action,7.8,George P. Cosmatos,Kevin Jarre,126871,56505065.0,50.0
The Sandlot,1993,101,Comedy,7.8,David Mickey Evans,Tom Guiry,78963,32416586.0,55.0
The Remains of the Day,1993,134,Drama,7.8,James Ivory,Anthony Hopkins,66065,22954968.0,84.0
Naked,1993,132,Comedy,7.8,Mike Leigh,David Thewlis,34635,1769305.0,84.0
The Fugitive,1993,130,Action,7.8,Andrew Davis,Harrison Ford,267684,183875760.0,87.0
A Bronx Tale,1993,121,Crime,7.8,Robert De Niro,Robert De Niro,128171,17266971.0,80.0
Batman: Mask of the Phantasm,1993,76,Animation,7.8,Kevin Altieri,Boyd Kirkland,43690,5617391.0,
Lat sau san taam,1992,128,Action,7.8,John Woo,Yun-Fat Chow,46700,565451439.0,
Night on Earth,1991,129,Comedy,7.8,Jim Jarmusch,Winona Ryder,55362,2015810.0,68.0
La double vie de Véronique,1991,98,Drama,7.8,Krzysztof Kieslowski,Irène Jacob,42376,1999955.0,86.0
Boyz n the Hood,1991,112,Crime,7.8,John Singleton,Cuba Gooding Jr.,126082,57504069.0,76.0
Misery,1990,107,Drama,7.8,Rob Reiner,James Caan,184740,61276872.0,75.0
Awakenings,1990,121,Biography,7.8,Penny Marshall,Robert De Niro,125276,52096475.0,74.0
Majo no takkyûbin,1989,103,Animation,7.8,Hayao Miyazaki,Kirsten Dunst,124193,58564351.0,83.0
Glory,1989,122,Biography,7.8,Edward Zwick,Matthew Broderick,122779,26830000.0,78.0
Dip huet seung hung,1989,111,Action,7.8,John Woo,Yun-Fat Chow,45624,549325150.0,82.0
Back to the Future Part II,1989,108,Adventure,7.8,Robert Zemeckis,Michael J. Fox,481918,118500000.0,57.0
Mississippi Burning,1988,128,Crime,7.8,Alan Parker,Gene Hackman,88214,34603943.0,65.0
Predator,1987,107,Action,7.8,John McTiernan,Arnold Schwarzenegger,371387,59735548.0,45.0
Evil Dead II,1987,84,Action,7.8,Sam Raimi,Bruce Campbell,148359,5923044.0,72.0
Ferris Bueller's Day Off,1986,103,Comedy,7.8,John Hughes,Matthew Broderick,321382,70136369.0,61.0
Down by Law,1986,107,Comedy,7.8,Jim Jarmusch,Tom Waits,47834,1436000.0,75.0
The Goonies,1985,114,Adventure,7.8,Richard Donner,Sean Astin,244430,61503218.0,62.0
The Color Purple,1985,154,Drama,7.8,Steven Spielberg,Danny Glover,78321,98467863.0,78.0
The Breakfast Club,1985,97,Comedy,7.8,John Hughes,Emilio Estevez,357026,45875171.0,66.0
The Killing Fields,1984,141,Biography,7.8,Roland Joffé,Sam Waterston,51585,34700291.0,76.0
Ghostbusters,1984,105,Action,7.8,Ivan Reitman,Bill Murray,355413,238632124.0,71.0
The Right Stuff,1983,193,Adventure,7.8,Philip Kaufman,Sam Shepard,56235,21500000.0,91.0
The King of Comedy,1982,109,Comedy,7.8,Martin Scorsese,Robert De Niro,88511,2500000.0,73.0
E.T. the Extra-Terrestrial,1982,115,Family,7.8,Steven Spielberg,Henry Thomas,372490,435110554.0,91.0
Kramer vs. Kramer,1979,105,Drama,7.8,Robert Benton,Dustin Hoffman,133351,106260000.0,77.0
Days of Heaven,1978,94,Drama,7.8,Terrence Malick,Richard Gere,52852,116446147.0,93.0
The Outlaw Josey Wales,1976,135,Western,7.8,Clint Eastwood,Clint Eastwood,65659,31800000.0,69.0
The Man Who Would Be King,1975,129,Adventure,7.8,John Huston,Sean Connery,44917,335861628.0,91.0
The Conversation,1974,113,Drama,7.8,Francis Ford Coppola,Gene Hackman,98611,4420000.0,85.0
La planète sauvage,1973,72,Animation,7.8,René Laloux,Barry Bostwick,25229,193817.0,73.0
The Day of the Jackal,1973,143,Crime,7.8,Fred Zinnemann,Edward Fox,37445,16056255.0,80.0
Badlands,1973,94,Action,7.8,Terrence Malick,Martin Sheen,66009,88117434.0,93.0
Cabaret,1972,124,Drama,7.8,Bob Fosse,Liza Minnelli,48334,42765000.0,80.0
Willy Wonka & the Chocolate Factory,1971,100,Family,7.8,Mel Stuart,Gene Wilder,178731,4000000.0,67.0
Midnight Cowboy,1969,113,Drama,7.8,John Schlesinger,Dustin Hoffman,101124,44785053.0,79.0
Wait Until Dark,1967,108,Thriller,7.8,Terence Young,Audrey Hepburn,27733,17550741.0,81.0
Guess Who's Coming to Dinner,1967,108,Comedy,7.8,Stanley Kramer,Spencer Tracy,39642,56700000.0,63.0
Bonnie and Clyde,1967,111,Action,7.8,Arthur Penn,Warren Beatty,102415,909838190.0,86.0
My Fair Lady,1964,170,Drama,7.8,George Cukor,Audrey Hepburn,86525,72000000.0,95.0
Mary Poppins,1964,139,Comedy,7.8,Robert Stevenson,Julie Andrews,158029,102272727.0,88.0
The Longest Day,1962,178,Action,7.8,Ken Annakin,Andrew Marton,52141,39100000.0,75.0
Jules et Jim,1962,105,Drama,7.8,François Truffaut,Jeanne Moreau,37605,819571597.0,97.0
The Innocents,1961,100,Horror,7.8,Jack Clayton,Deborah Kerr,27007,2616000.0,88.0
À bout de souffle,1960,90,Crime,7.8,Jean-Luc Godard,Jean-Paul Belmondo,73251,336705.0,
Red River,1948,133,Action,7.8,Howard Hawks,Arthur Rosson,28167,116161549.0,
Key Largo,1948,100,Action,7.8,John Huston,Humphrey Bogart,36995,55936517.0,
To Have and Have Not,1944,100,Adventure,7.8,Howard Hawks,Humphrey Bogart,31053,477606207.0,
Shadow of a Doubt,1943,108,Film-Noir,7.8,Alfred Hitchcock,Teresa Wright,59556,123353292.0,94.0
Stagecoach,1939,96,Adventure,7.8,John Ford,John Wayne,43621,404971331.0,93.0
The Lady Vanishes,1938,96,Mystery,7.8,Alfred Hitchcock,Margaret Lockwood,47400,474203697.0,98.0
Bringing Up Baby,1938,102,Comedy,7.8,Howard Hawks,Katharine Hepburn,55163,152238346.0,91.0
Bride of Frankenstein,1935,75,Drama,7.8,James Whale,Boris Karloff,43542,4360000.0,95.0
Duck Soup,1933,69,Comedy,7.8,Leo McCarey,Groucho Marx,55581,350197185.0,93.0
Scarface: The Shame of the Nation,1932,93,Action,7.8,Howard Hawks,Richard Rosson,25312,82900837.0,87.0
Frankenstein,1931,70,Drama,7.8,James Whale,Colin Clive,65341,63617892.0,91.0
Roma,2018,135,Drama,7.7,Alfonso Cuarón,Yalitza Aparicio,140375,557873261.0,96.0
God's Own Country,2017,104,Drama,7.7,Francis Lee,Josh O'Connor,25198,335609.0,85.0
Deadpool 2,2018,119,Action,7.7,David Leitch,Ryan Reynolds,478586,324591735.0,66.0
Wind River,2017,107,Crime,7.7,Taylor Sheridan,Kelsey Asbille,205444,33800859.0,73.0
Get Out,2017,104,Horror,7.7,Jordan Peele,Daniel Kaluuya,492851,176040665.0,85.0
Mission: Impossible - Fallout,2018,147,Action,7.7,Christopher McQuarrie,Tom Cruise,291257,220159104.0,86.0
En man som heter Ove,2015,116,Comedy,7.7,Hannes Holm,Rolf Lassgård,47444,3358518.0,70.0
What We Do in the Shadows,2014,86,Comedy,7.7,Jemaine Clement,Taika Waititi,157498,3333000.0,76.0
Omoide no Mânî,2014,103,Animation,7.7,James Simone,Hiromasa Yonebayashi,32798,765127.0,72.0
The Theory of Everything,2014,123,Biography,7.7,James Marsh,Eddie Redmayne,404182,35893537.0,72.0
Kingsman: The Secret Service,2014,129,Action,7.7,Matthew Vaughn,Colin Firth,590440,128261724.0,60.0
The Fault in Our Stars,2014,126,Drama,7.7,Josh Boone,Shailene Woodley,344312,124872350.0,69.0
Me and Earl and the Dying Girl,2015,105,Comedy,7.7,Alfonso Gomez-Rejon,Thomas Mann,123210,6743776.0,74.0
Birdman or (The Unexpected Virtue of Ignorance),2014,119,Comedy,7.7,Alejandro G. Iñárritu,Michael Keaton,580291,42340598.0,87.0
La vie d'Adèle,2013,180,Drama,7.7,Abdellatif Kechiche,Léa Seydoux,138741,2199675.0,89.0
Kai po che!,2013,130,Drama,7.7,Abhishek Kapoor,Amit Sadh,32628,1122527.0,40.0
The Broken Circle Breakdown,2012,111,Drama,7.7,Felix van Groeningen,Veerle Baetens,39379,175058.0,70.0
Captain America: The Winter Soldier,2014,136,Action,7.7,Anthony Russo,Joe Russo,736182,259766572.0,70.0
Rockstar,2011,159,Drama,7.7,Imtiaz Ali,Ranbir Kapoor,39501,985912.0,
Nebraska,2013,115,Adventure,7.7,Alexander Payne,Bruce Dern,112298,17654912.0,87.0
Wreck-It Ralph,2012,101,Animation,7.7,Rich Moore,John C. Reilly,380195,189422889.0,72.0
Le Petit Prince,2015,108,Animation,7.7,Mark Osborne,Jeff Bridges,56720,1339152.0,70.0
Detachment,2011,98,Drama,7.7,Tony Kaye,Adrien Brody,77071,71177.0,52.0
Midnight in Paris,2011,96,Comedy,7.7,Woody Allen,Owen Wilson,388089,56816662.0,81.0
The Lego Movie,2014,100,Animation,7.7,Christopher Miller,Phil Lord,323982,257760692.0,83.0
Gravity,2013,91,Drama,7.7,Alfonso Cuarón,Sandra Bullock,769145,274092705.0,96.0
Star Trek Into Darkness,2013,132,Action,7.7,J.J. Abrams,Chris Pine,463188,228778661.0,72.0
Beasts of No Nation,2015,137,Drama,7.7,Cary Joji Fukunaga,Abraham Attah,73964,83861.0,79.0
The Social Network,2010,120,Biography,7.7,David Fincher,Jesse Eisenberg,624982,96962694.0,95.0
X: First Class,2011,131,Action,7.7,Matthew Vaughn,James McAvoy,645512,146408305.0,65.0
The Hangover,2009,100,Comedy,7.7,Todd Phillips,Zach Galifianakis,717559,277322503.0,73.0
Skyfall,2012,143,Action,7.7,Sam Mendes,Daniel Craig,630614,304360277.0,81.0
Silver Linings Playbook,2012,122,Comedy,7.7,David O. Russell,Bradley Cooper,661871,132092958.0,81.0
Argo,2012,120,Biography,7.7,Ben Affleck,Ben Affleck,572581,136025503.0,86.0
(500) Days of Summer,2009,95,Comedy,7.7,Marc Webb,Zooey Deschanel,472242,32391374.0,76.0
Harry Potter and the Deathly Hallows: Part 1,2010,146,Adventure,7.7,David Yates,Daniel Radcliffe,479120,295983305.0,65.0
Gake no ue no Ponyo,2008,101,Animation,7.7,Hayao Miyazaki,Cate Blanchett,125317,15090400.0,86.0
Frost/Nixon,2008,122,Biography,7.7,Ron Howard,Frank Langella,103330,18593156.0,80.0
Papurika,2006,90,Animation,7.7,Satoshi Kon,Megumi Hayashibara,71379,881302.0,81.0
Changeling,2008,141,Biography,7.7,Clint Eastwood,Angelina Jolie,239203,35739802.0,63.0
Flipped,2010,90,Comedy,7.7,Rob Reiner,Madeline Carroll,81446,1752214.0,45.0
Toki o kakeru shôjo,2006,98,Animation,7.7,Mamoru Hosoda,Riisa Naka,60368,329525432.0,
Death Note: Desu nôto,2006,126,Crime,7.7,Shûsuke Kaneko,Tatsuya Fujiwara,28630,207139906.0,
This Is England,2006,101,Crime,7.7,Shane Meadows,Thomas Turgoose,115576,327919.0,86.0
Ex Machina,2014,108,Drama,7.7,Alex Garland,Alicia Vikander,474141,25442958.0,78.0
Efter brylluppet,2006,120,Drama,7.7,Susanne Bier,Mads Mikkelsen,32001,412544.0,78.0
The Last King of Scotland,2006,123,Biography,7.7,Kevin Macdonald,James McAvoy,175355,17605861.0,74.0
Zodiac,2007,157,Crime,7.7,David Fincher,Jake Gyllenhaal,466080,33080084.0,78.0
Lucky Number Slevin,2006,110,Action,7.7,Paul McGuigan,Josh Hartnett,299524,22494487.0,53.0
Joyeux Noël,2005,116,Drama,7.7,Christian Carion,Diane Kruger,28003,1054361.0,70.0
Control,2007,122,Biography,7.7,Anton Corbijn,Sam Riley,61609,871577.0,78.0
Tangled,2010,100,Animation,7.7,Nathan Greno,Byron Howard,405922,200821936.0,71.0
Zwartboek,2006,145,Drama,7.7,Paul Verhoeven,Carice van Houten,72643,4398392.0,71.0
Brokeback Mountain,2005,134,Drama,7.7,Ang Lee,Jake Gyllenhaal,323103,83043761.0,87.0
3:10 to Yuma,2007,122,Action,7.7,James Mangold,Russell Crowe,288797,53606916.0,76.0
Crash,2004,112,Crime,7.7,Paul Haggis,Don Cheadle,419483,54580300.0,66.0
Kung fu,2004,99,Action,7.7,Stephen Chow,Stephen Chow,127250,17108591.0,78.0
The Bourne Supremacy,2004,108,Action,7.7,Paul Greengrass,Matt Damon,434841,176241941.0,73.0
The Machinist,2004,101,Drama,7.7,Brad Anderson,Christian Bale,358432,1082715.0,61.0
Ray,2004,152,Biography,7.7,Taylor Hackford,Jamie Foxx,138356,75331600.0,73.0
Lost in Translation,2003,102,Comedy,7.7,Sofia Coppola,Bill Murray,415074,44585453.0,89.0
Harry Potter and the Goblet of Fire,2005,157,Adventure,7.7,Mike Newell,Daniel Radcliffe,548619,290013036.0,81.0
Man on Fire,2004,146,Action,7.7,Tony Scott,Denzel Washington,329592,77911774.0,47.0
Coraline,2009,100,Animation,7.7,Henry Selick,Dakota Fanning,197761,75286229.0,80.0
The Last Samurai,2003,154,Action,7.7,Edward Zwick,Tom Cruise,400049,111110575.0,55.0
The Magdalene Sisters,2002,114,Drama,7.7,Peter Mullan,Eileen Walsh,25938,4890878.0,83.0
Good Bye Lenin!,2003,121,Comedy,7.7,Wolfgang Becker,Daniel Brühl,137981,4064200.0,68.0
In America,2002,105,Drama,7.7,Jim Sheridan,Paddy Considine,40403,15539266.0,76.0
I Am Sam,2001,132,Drama,7.7,Jessie Nelson,Sean Penn,142863,40311852.0,28.0
Adaptation.,2002,115,Comedy,7.7,Spike Jonze,Nicolas Cage,178565,22245861.0,83.0
Black Hawk Down,2001,144,Drama,7.7,Ridley Scott,Josh Hartnett,364254,108638745.0,74.0
Road to Perdition,2002,117,Crime,7.7,Sam Mendes,Tom Hanks,246840,104454762.0,72.0
Das Experiment,2001,120,Drama,7.7,Oliver Hirschbiegel,Moritz Bleibtreu,90842,141072.0,60.0
Billy Elliot,2000,110,Drama,7.7,Stephen Daldry,Jamie Bell,126770,21995263.0,74.0
Hedwig and the Angry Inch,2001,95,Comedy,7.7,John Cameron Mitchell,John Cameron Mitchell,31957,3029081.0,85.0
Ocean's Eleven,2001,116,Crime,7.7,Steven Soderbergh,George Clooney,516372,183417150.0,74.0
Vampire Hunter D: Bloodlust,2000,103,Animation,7.7,Yoshiaki Kawajiri,Andrew Philpot,29210,151086.0,62.0
"O Brother, Where Art Thou?",2000,107,Adventure,7.7,Joel Coen,Ethan Coen,286742,45512588.0,69.0
Interstate 60: Episodes of the Road,2002,116,Adventure,7.7,Bob Gale,James Marsden,29999,174381905.0,
"South Park: Bigger, Longer & Uncut",1999,81,Animation,7.7,Trey Parker,Trey Parker,192112,52037603.0,73.0
Office Space,1999,89,Comedy,7.7,Mike Judge,Ron Livingston,241575,10824921.0,68.0
Happiness,1998,134,Comedy,7.7,Todd Solondz,Jane Adams,66408,2807390.0,81.0
Training Day,2001,122,Crime,7.7,Antoine Fuqua,Denzel Washington,390247,76631907.0,69.0
Rushmore,1998,93,Comedy,7.7,Wes Anderson,Jason Schwartzman,169229,17105219.0,86.0
Abre los ojos,1997,119,Drama,7.7,Alejandro Amenábar,Eduardo Noriega,64082,368234.0,
Being John Malkovich,1999,113,Comedy,7.7,Spike Jonze,John Cusack,312542,22858926.0,90.0
As Good as It Gets,1997,139,Comedy,7.7,James L. Brooks,Jack Nicholson,275755,148478011.0,67.0
The Fifth Element,1997,126,Action,7.7,Luc Besson,Bruce Willis,434125,63540020.0,52.0
Le dîner de cons,1998,80,Comedy,7.7,Francis Veber,Thierry Lhermitte,37424,4065116.0,73.0
Donnie Brasco,1997,127,Biography,7.7,Mike Newell,Al Pacino,279318,41909762.0,76.0
Shine,1996,105,Biography,7.7,Scott Hicks,Geoffrey Rush,51350,35811509.0,87.0
Primal Fear,1996,129,Crime,7.7,Gregory Hoblit,Richard Gere,189716,56116183.0,47.0
Hamlet,1996,242,Drama,7.7,Kenneth Branagh,Kenneth Branagh,35991,4414535.0,
A Little Princess,1995,97,Drama,7.7,Alfonso Cuarón,Liesel Matthews,32236,10019307.0,83.0
Do lok tin si,1995,99,Comedy,7.7,Kar-Wai Wong,Leon Lai,26429,182928453.0,71.0
Il postino,1994,108,Biography,7.7,Michael Radford,Massimo Troisi,33600,21848932.0,81.0
Clerks,1994,92,Comedy,7.7,Kevin Smith,Brian O'Halloran,211450,3151130.0,70.0
Short Cuts,1993,188,Comedy,7.7,Robert Altman,Andie MacDowell,42275,6110979.0,79.0
Philadelphia,1993,125,Drama,7.7,Jonathan Demme,Tom Hanks,224169,77324422.0,66.0
The Muppet Christmas Carol,1992,85,Comedy,7.7,Brian Henson,Michael Caine,50298,27281507.0,64.0
Malcolm X,1992,202,Biography,7.7,Spike Lee,Denzel Washington,85819,48169908.0,73.0
The Last of the Mohicans,1992,112,Action,7.7,Michael Mann,Daniel Day-Lewis,150409,75505856.0,76.0
Kurenai no buta,1992,94,Animation,7.7,Hayao Miyazaki,Shûichirô Moriyama,77798,871544815.0,83.0
Glengarry Glen Ross,1992,100,Crime,7.7,James Foley,Al Pacino,95826,10725228.0,82.0
A Few Good Men,1992,138,Drama,7.7,Rob Reiner,Tom Cruise,235388,141340178.0,62.0
Fried Green Tomatoes,1991,130,Drama,7.7,Jon Avnet,Kathy Bates,66941,82418501.0,64.0
Barton Fink,1991,116,Comedy,7.7,Joel Coen,Ethan Coen,113240,6153939.0,69.0
Miller's Crossing,1990,115,Crime,7.7,Joel Coen,Ethan Coen,125822,5080409.0,66.0
Who Framed Roger Rabbit,1988,104,Animation,7.7,Robert Zemeckis,Bob Hoskins,182009,156452370.0,83.0
Spoorloos,1988,107,Mystery,7.7,George Sluizer,Bernard-Pierre Donnadieu,33982,367916835.0,
Withnail & I,1987,107,Comedy,7.7,Bruce Robinson,Richard E. Grant,40396,1544889.0,84.0
The Last Emperor,1987,163,Biography,7.7,Bernardo Bertolucci,John Lone,94326,43984230.0,76.0
Empire of the Sun,1987,153,Action,7.7,Steven Spielberg,Christian Bale,115677,22238696.0,62.0
Der Name der Rose,1986,130,Crime,7.7,Jean-Jacques Annaud,Sean Connery,102031,7153487.0,54.0
Blue Velvet,1986,120,Drama,7.7,David Lynch,Isabella Rossellini,181285,8551228.0,76.0
The Purple Rose of Cairo,1985,82,Comedy,7.7,Woody Allen,Mia Farrow,47102,10631333.0,75.0
After Hours,1985,97,Comedy,7.7,Martin Scorsese,Griffin Dunne,59635,10600000.0,90.0
Zelig,1983,79,Comedy,7.7,Woody Allen,Woody Allen,39881,11798616.0,
The Verdict,1982,129,Drama,7.7,Sidney Lumet,Paul Newman,36096,54000000.0,77.0
Star Trek II: The Wrath of Khan,1982,113,Action,7.7,Nicholas Meyer,William Shatner,112704,78912963.0,67.0
First Blood,1982,93,Action,7.7,Ted Kotcheff,Sylvester Stallone,226541,47212904.0,61.0
Ordinary People,1980,124,Drama,7.7,Robert Redford,Donald Sutherland,47099,54800000.0,86.0
Airplane!,1980,88,Comedy,7.7,Jim Abrahams,David Zucker,214882,83400000.0,78.0
Rupan sansei: Kariosutoro no shiro,1979,100,Animation,7.7,Hayao Miyazaki,Yasuo Yamada,27014,762251541.0,71.0
Halloween,1978,91,Horror,7.7,John Carpenter,Donald Pleasence,233106,47000000.0,87.0
Le locataire,1976,126,Drama,7.7,Roman Polanski,Roman Polanski,39889,1924733.0,71.0
Love and Death,1975,85,Comedy,7.7,Woody Allen,Woody Allen,36037,745173387.0,89.0
The Taking of Pelham One Two Three,1974,104,Action,7.7,Joseph Sargent,Walter Matthau,26729,660264543.0,68.0
Blazing Saddles,1974,93,Comedy,7.7,Mel Brooks,Cleavon Little,125993,119500000.0,73.0
Serpico,1973,130,Biography,7.7,Sidney Lumet,Al Pacino,109941,29800000.0,87.0
Enter the Dragon,1973,102,Action,7.7,Robert Clouse,Bruce Lee,96561,25000000.0,83.0
Deliverance,1972,109,Adventure,7.7,John Boorman,Jon Voight,98740,7056013.0,80.0
The French Connection,1971,104,Action,7.7,William Friedkin,Gene Hackman,110075,15630710.0,94.0
Dirty Harry,1971,102,Action,7.7,Don Siegel,Clint Eastwood,143292,35900000.0,90.0
Where Eagles Dare,1968,158,Action,7.7,Brian G. Hutton,Richard Burton,51913,856773674.0,63.0
The Odd Couple,1968,105,Comedy,7.7,Gene Saks,Jack Lemmon,31572,44527234.0,86.0
The Dirty Dozen,1967,150,Action,7.7,Robert Aldrich,Lee Marvin,67183,45300000.0,73.0
Belle de jour,1967,100,Drama,7.7,Luis Buñuel,Catherine Deneuve,40274,26331.0,
A Man for All Seasons,1966,120,Biography,7.7,Fred Zinnemann,Paul Scofield,31222,28350000.0,72.0
Repulsion,1965,105,Drama,7.7,Roman Polanski,Catherine Deneuve,48883,440704699.0,91.0
Zulu,1964,138,Drama,7.7,Cy Endfield,Stanley Baker,35999,790226546.0,77.0
Goldfinger,1964,110,Action,7.7,Guy Hamilton,Sean Connery,174119,51081062.0,87.0
The Birds,1963,119,Drama,7.7,Alfred Hitchcock,Rod Taylor,171739,11403529.0,90.0
Cape Fear,1962,106,Drama,7.7,J. Lee Thompson,Gregory Peck,26457,863391987.0,76.0
Peeping Tom,1960,101,Drama,7.7,Michael Powell,Karlheinz Böhm,31354,83957.0,
The Magnificent Seven,1960,128,Action,7.7,John Sturges,Yul Brynner,87719,4905000.0,74.0
Les yeux sans visage,1960,90,Drama,7.7,Georges Franju,Pierre Brasseur,27620,52709.0,90.0
Invasion of the Body Snatchers,1956,80,Drama,7.7,Don Siegel,Kevin McCarthy,44839,244000775.0,92.0
Rebel Without a Cause,1955,111,Drama,7.7,Nicholas Ray,James Dean,83363,293034391.0,89.0
The Ladykillers,1955,91,Comedy,7.7,Alexander Mackendrick,Alec Guinness,26464,333324782.0,91.0
Sabrina,1954,113,Comedy,7.7,Billy Wilder,Humphrey Bogart,59415,199534614.0,72.0
The Quiet Man,1952,129,Comedy,7.7,John Ford,John Wayne,34677,10550000.0,
The Day the Earth Stood Still,1951,92,Drama,7.7,Robert Wise,Michael Rennie,76315,895071115.0,
The African Queen,1951,105,Adventure,7.7,John Huston,Humphrey Bogart,71481,536118.0,91.0
Gilda,1946,110,Drama,7.7,Charles Vidor,Rita Hayworth,27991,532234536.0,
Fantasia,1940,125,Animation,7.7,James Algar,Samuel Armstrong,88662,76408097.0,96.0
The Invisible Man,1933,71,Horror,7.7,James Whale,Claude Rains,30683,298791505.0,87.0
Dark Waters,2019,126,Biography,7.6,Todd Haynes,Mark Ruffalo,60408,428167124.0,73.0
Searching,2018,102,Drama,7.6,Aneesh Chaganty,John Cho,140840,26020957.0,71.0
Once Upon a Time... in Hollywood,2019,161,Comedy,7.6,Quentin Tarantino,Leonardo DiCaprio,551309,142502728.0,83.0
Nelyubov,2017,127,Drama,7.6,Andrey Zvyagintsev,Maryana Spivak,29765,566356.0,86.0
The Florida Project,2017,111,Drama,7.6,Sean Baker,Brooklynn Prince,95181,5904366.0,92.0
Just Mercy,2019,137,Biography,7.6,Destin Daniel Cretton,Michael B. Jordan,46739,279498224.0,68.0
Gifted,2017,101,Drama,7.6,Marc Webb,Chris Evans,99643,24801212.0,60.0
The Peanut Butter Falcon,2019,97,Adventure,7.6,Tyler Nilson,Michael Schwartz,66346,13122642.0,70.0
Victoria,2015,138,Crime,7.6,Sebastian Schipper,Laia Costa,52903,718096942.0,77.0
Mustang,2015,97,Drama,7.6,Deniz Gamze Ergüven,Günes Sensoy,35785,845464.0,83.0
Guardians of the Galaxy Vol. 2,2017,136,Action,7.6,James Gunn,Chris Pratt,569974,389813101.0,67.0
Baby Driver,2017,113,Action,7.6,Edgar Wright,Ansel Elgort,439406,107825862.0,86.0
Only the Brave,2017,134,Action,7.6,Joseph Kosinski,Josh Brolin,58371,18340051.0,72.0
Bridge of Spies,2015,142,Drama,7.6,Steven Spielberg,Tom Hanks,287659,72313754.0,81.0
Incredibles 2,2018,118,Animation,7.6,Brad Bird,Craig T. Nelson,250057,608581744.0,80.0
Moana,2016,107,Animation,7.6,Ron Clements,John Musker,272784,248757044.0,81.0
Sicario,2015,121,Action,7.6,Denis Villeneuve,Emily Blunt,371291,46889293.0,82.0
Creed,2015,133,Drama,7.6,Ryan Coogler,Michael B. Jordan,247666,109767581.0,82.0
Leviafan,2014,140,Crime,7.6,Andrey Zvyagintsev,Aleksey Serebryakov,49397,1092800.0,92.0
Hell or High Water,2016,102,Action,7.6,David Mackenzie,Chris Pine,204175,26862450.0,88.0
Philomena,2013,98,Biography,7.6,Stephen Frears,Judi Dench,94212,37707719.0,77.0
Dawn of the Planet of the Apes,2014,130,Action,7.6,Matt Reeves,Gary Oldman,411599,208545589.0,79.0
El cuerpo,2012,112,Mystery,7.6,Oriol Paulo,Jose Coronado,57549,140340673.0,
Serbuan maut,2011,101,Action,7.6,Gareth Evans,Iko Uwais,190531,4105123.0,73.0
End of Watch,2012,109,Action,7.6,David Ayer,Jake Gyllenhaal,228132,41003371.0,68.0
Kari-gurashi no Arietti,2010,94,Animation,7.6,Hiromasa Yonebayashi,Amy Poehler,80939,19202743.0,80.0
A Star Is Born,2018,136,Drama,7.6,Bradley Cooper,Lady Gaga,334312,215288866.0,88.0
True Grit,2010,110,Drama,7.6,Ethan Coen,Joel Coen,311822,171243005.0,80.0
Hævnen,2010,118,Drama,7.6,Susanne Bier,Mikael Persbrandt,38491,1008098.0,65.0
Despicable Me,2010,95,Animation,7.6,Pierre Coffin,Chris Renaud,500851,251513985.0,72.0
50/50,2011,100,Comedy,7.6,Jonathan Levine,Joseph Gordon-Levitt,315426,35014192.0,72.0
Kick-Ass,2010,117,Action,7.6,Matthew Vaughn,Aaron Taylor-Johnson,524081,48071303.0,66.0
Celda 211,2009,113,Action,7.6,Daniel Monzón,Luis Tosar,63882,242105549.0,
Moneyball,2011,133,Biography,7.6,Bennett Miller,Brad Pitt,369529,75605492.0,87.0
La piel que habito,2011,120,Drama,7.6,Pedro Almodóvar,Antonio Banderas,138959,3185812.0,70.0
Zombieland,2009,88,Adventure,7.6,Ruben Fleischer,Jesse Eisenberg,520041,75590286.0,73.0
Die Welle,2008,107,Drama,7.6,Dennis Gansel,Jürgen Vogel,102742,924558264.0,
Sherlock Holmes,2009,128,Action,7.6,Guy Ritchie,Robert Downey Jr.,583158,209028679.0,57.0
The Blind Side,2009,129,Biography,7.6,John Lee Hancock,Quinton Aaron,293266,255959475.0,53.0
The Visitor,2007,104,Drama,7.6,Tom McCarthy,Richard Jenkins,41544,9422422.0,79.0
Seven Pounds,2008,123,Drama,7.6,Gabriele Muccino,Will Smith,286770,69951824.0,36.0
Eastern Promises,2007,100,Action,7.6,David Cronenberg,Naomi Watts,227760,17114882.0,82.0
Stardust,2007,127,Adventure,7.6,Matthew Vaughn,Charlie Cox,255036,38634938.0,66.0
The Secret of Kells,2009,71,Animation,7.6,Tomm Moore,Nora Twomey,31779,686383.0,81.0
Inside Man,2006,129,Crime,7.6,Spike Lee,Denzel Washington,339757,88513495.0,76.0
Gone Baby Gone,2007,114,Crime,7.6,Ben Affleck,Morgan Freeman,250590,20300218.0,72.0
La Vie En Rose,2007,140,Biography,7.6,Olivier Dahan,Marion Cotillard,82781,10301706.0,66.0
Huo Yuan Jia,2006,104,Action,7.6,Ronny Yu,Jet Li,72863,24633730.0,70.0
The Illusionist,2006,110,Drama,7.6,Neil Burger,Edward Norton,354728,39868642.0,68.0
Dead Man's Shoes,2004,90,Crime,7.6,Shane Meadows,Paddy Considine,49728,6013.0,52.0
Harry Potter and the Half-Blood Prince,2009,153,Action,7.6,David Yates,Daniel Radcliffe,474827,301959197.0,78.0
300,2006,117,Action,7.6,Zack Snyder,Gerard Butler,732876,210614939.0,52.0
Match Point,2005,124,Drama,7.6,Woody Allen,Scarlett Johansson,206294,23089926.0,72.0
Watchmen,2009,162,Action,7.6,Zack Snyder,Jackie Earle Haley,500799,107509799.0,56.0
Lord of War,2005,122,Action,7.6,Andrew Niccol,Nicolas Cage,294140,24149632.0,62.0
Saw,2004,103,Horror,7.6,James Wan,Cary Elwes,379020,56000369.0,46.0
"Synecdoche, New York",2008,124,Drama,7.6,Charlie Kaufman,Philip Seymour Hoffman,83158,3081925.0,67.0
Mysterious Skin,2004,105,Drama,7.6,Gregg Araki,Brady Corbet,65939,697181.0,73.0
Jeux d'enfants,2003,93,Comedy,7.6,Yann Samuell,Guillaume Canet,67360,548707.0,45.0
Un long dimanche de fiançailles,2004,133,Drama,7.6,Jean-Pierre Jeunet,Audrey Tautou,70925,6167817.0,76.0
The Station Agent,2003,89,Comedy,7.6,Tom McCarthy,Peter Dinklage,67370,5739376.0,81.0
21 Grams,2003,124,Crime,7.6,Alejandro G. Iñárritu,Sean Penn,224545,16290476.0,70.0
Boksuneun naui geot,2002,129,Crime,7.6,Chan-wook Park,Kang-ho Song,62659,45289.0,56.0
Finding Neverland,2004,106,Biography,7.6,Marc Forster,Johnny Depp,198677,51680613.0,67.0
25th Hour,2002,135,Drama,7.6,Spike Lee,Edward Norton,169708,13060843.0,68.0
The Butterfly Effect,2004,113,Drama,7.6,Eric Bress,J. Mackye Gruber,451479,57938693.0,30.0
28 Days Later...,2002,113,Drama,7.6,Danny Boyle,Cillian Murphy,376853,45064915.0,73.0
Batoru rowaiaru,2000,114,Action,7.6,Kinji Fukasaku,Tatsuya Fujiwara,169091,195856489.0,81.0
The Royal Tenenbaums,2001,110,Comedy,7.6,Wes Anderson,Gene Hackman,266842,52364010.0,76.0
Y tu mamá también,2001,106,Drama,7.6,Alfonso Cuarón,Maribel Verdú,115827,13622333.0,88.0
Harry Potter and the Sorcerer's Stone,2001,152,Adventure,7.6,Chris Columbus,Daniel Radcliffe,658185,317575550.0,64.0
The Others,2001,101,Horror,7.6,Alejandro Amenábar,Nicole Kidman,337651,96522687.0,74.0
Blow,2001,124,Biography,7.6,Ted Demme,Johnny Depp,240714,52990775.0,52.0
Enemy at the Gates,2001,131,Drama,7.6,Jean-Jacques Annaud,Jude Law,243729,51401758.0,53.0
Minority Report,2002,145,Action,7.6,Steven Spielberg,Tom Cruise,508417,132072926.0,80.0
The Hurricane,1999,146,Biography,7.6,Norman Jewison,Denzel Washington,91557,50668906.0,74.0
American Psycho,2000,101,Comedy,7.6,Mary Harron,Christian Bale,490062,15070285.0,64.0
Lola rennt,1998,81,Crime,7.6,Tom Tykwer,Franka Potente,188317,7267585.0,77.0
The Thin Red Line,1998,170,Drama,7.6,Terrence Malick,Jim Caviezel,172710,36400491.0,78.0
Mulan,1998,88,Animation,7.6,Tony Bancroft,Barry Cook,256906,120620254.0,71.0
Fear and Loathing in Las Vegas,1998,118,Adventure,7.6,Terry Gilliam,Johnny Depp,259753,10680275.0,41.0
Funny Games,1997,108,Crime,7.6,Michael Haneke,Susanne Lothar,65058,217345863.0,69.0
Dark City,1998,100,Mystery,7.6,Alex Proyas,Rufus Sewell,187927,14378331.0,66.0
Sleepers,1996,147,Crime,7.6,Barry Levinson,Robert De Niro,186734,49100000.0,49.0
Lost Highway,1997,134,Mystery,7.6,David Lynch,Bill Pullman,131101,3796699.0,52.0
Sense and Sensibility,1995,136,Drama,7.6,Ang Lee,Emma Thompson,102598,43182776.0,84.0
Die Hard: With a Vengeance,1995,128,Action,7.6,John McTiernan,Bruce Willis,364420,100012499.0,58.0
Dead Man,1995,121,Adventure,7.6,Jim Jarmusch,Johnny Depp,90442,1037847.0,62.0
The Bridges of Madison County,1995,135,Drama,7.6,Clint Eastwood,Clint Eastwood,73172,71516617.0,69.0
Apollo 13,PG,140,Adventure,7.6,Ron Howard,Tom Hanks,269197,173837933.0,77.0
Trois couleurs: Blanc,1994,92,Comedy,7.6,Krzysztof Kieslowski,Zbigniew Zamachowski,64390,1464625.0,88.0
Falling Down,1993,113,Action,7.6,Joel Schumacher,Michael Douglas,171640,40903593.0,56.0
Dazed and Confused,1993,102,Comedy,7.6,Richard Linklater,Jason London,165465,7993039.0,78.0
My Cousin Vinny,1992,120,Comedy,7.6,Jonathan Lynn,Joe Pesci,107325,52929168.0,68.0
Omohide poro poro,1991,118,Animation,7.6,Isao Takahata,Miki Imai,27071,453243.0,90.0
Delicatessen,1991,99,Comedy,7.6,Marc Caro,Jean-Pierre Jeunet,80487,1794187.0,66.0
Home Alone,1990,103,Comedy,7.6,Chris Columbus,Macaulay Culkin,488817,285761243.0,63.0
The Godfather: Part III,1990,162,Crime,7.6,Francis Ford Coppola,Al Pacino,359809,66666062.0,60.0
When Harry Met Sally...,1989,95,Comedy,7.6,Rob Reiner,Billy Crystal,195663,92823600.0,76.0
The Little Mermaid,1989,83,Animation,7.6,Ron Clements,John Musker,237696,111543479.0,88.0
The Naked Gun: From the Files of Police Squad!,1988,85,Comedy,7.6,David Zucker,Leslie Nielsen,152871,78756177.0,76.0
"Planes, Trains & Automobiles",1987,93,Comedy,7.6,John Hughes,Steve Martin,124773,49530280.0,72.0
Lethal Weapon,1987,109,Action,7.6,Richard Donner,Mel Gibson,236894,65207127.0,68.0
Blood Simple,1984,99,Crime,7.6,Joel Coen,Ethan Coen,87745,2150000.0,82.0
On Golden Pond,1981,109,Drama,7.6,Mark Rydell,Katharine Hepburn,27650,119285432.0,68.0
Mad Max 2,1981,96,Action,7.6,George Miller,Mel Gibson,166588,12465371.0,77.0
The Warriors,1979,92,Action,7.6,Walter Hill,Michael Beck,93878,22490039.0,65.0
The Muppet Movie,1979,95,Adventure,7.6,James Frawley,Jim Henson,32802,76657000.0,74.0
Escape from Alcatraz,1979,112,Action,7.6,Don Siegel,Clint Eastwood,121731,43000000.0,76.0
Watership Down,1978,91,Animation,7.6,Martin Rosen,John Hubley,33656,232841485.0,64.0
Midnight Express,1978,121,Biography,7.6,Alan Parker,Brad Davis,73662,35000000.0,59.0
Close Encounters of the Third Kind,1977,138,Drama,7.6,Steven Spielberg,Richard Dreyfuss,184966,132088635.0,90.0
The Long Goodbye,1973,112,Comedy,7.6,Robert Altman,Elliott Gould,26337,959000.0,87.0
Giù la testa,1971,157,Drama,7.6,Sergio Leone,Rod Steiger,30144,696690.0,77.0
Kelly's Heroes,1970,144,Adventure,7.6,Brian G. Hutton,Clint Eastwood,45338,1378435.0,50.0
The Jungle Book,1967,78,Animation,7.6,Wolfgang Reitherman,Phil Harris,166409,141843612.0,65.0
Blowup,1966,111,Drama,7.6,Michelangelo Antonioni,David Hemmings,56513,632532802.0,82.0
A Hard Day's Night,1964,87,Comedy,7.6,Richard Lester,John Lennon,40351,13780024.0,96.0
Breakfast at Tiffany's,1961,115,Comedy,7.6,Blake Edwards,Audrey Hepburn,166544,679874270.0,76.0
Giant,1956,201,Drama,7.6,George Stevens,Elizabeth Taylor,34075,195217415.0,84.0
From Here to Eternity,1953,118,Drama,7.6,Fred Zinnemann,Burt Lancaster,43374,30500000.0,85.0
Lifeboat,1944,97,Drama,7.6,Alfred Hitchcock,Tallulah Bankhead,26471,852142728.0,78.0
The 39 Steps,1935,86,Crime,7.6,Alfred Hitchcock,Robert Donat,51853,302787539.0,93.0
